Country Name,Country Code,Indicator Name,Indicator Code,1960,1961,1962,1963,1964,1965,1966,1967,1968,1969,1970,1971,1972,1973,1974,1975,1976,1977,1978,1979,1980,1981,1982,1983,1984,1985,1986,1987,1988,1989,1990,1991,1992,1993,1994,1995,1996,1997,1998,1999,2000,2001,2002,2003,2004,2005,2006,2007,2008,2009,2010,2011,2012,2013,2014,2015,2016,2017,2018,2019,2020,2021,2022
Aruba,ABW,"Unemployment, total (% of total labor force) (national estimate)",SL.UEM.TOTL.NE.ZS,,,,,,,,,,,,,,,,,,,,,,,,,,,,,,,,6.08,,,6.45,,,7.45,,,6.92,6.9,,,,,,5.71,,,10.6,8.9,,,,,,,,,,,
Africa Eastern and Southern,AFE,"Unemployment, total (% of total labor force) (national estimate)",SL.UEM.TOTL.NE.ZS,,,,,,,,,,,,,,,,,,,,,,,,,,,,,,,,,,,,,,,,,,,,,,,,,,,,,,,,,,,,,,,
Afghanistan,AFG,"Unemployment, total (% of total labor force) (national estimate)",SL.UEM.TOTL.NE.ZS,,,,,,,,,,,,,,,,,,,,,,,,,,,,,,,,,,,,,,,,,,,,,,,,,2.49,,,,1.69,,7.91,,,11.18,,,11.71,5.58,
Africa Western and Central,AFW,"Unemployment, total (% of total labor force) (national estimate)",SL.UEM.TOTL.NE.ZS,,,,,,,,,,,,,,,,,,,,,,,,,,,,,,,,,,,,,,,,,,,,,,,,,,,,,,,4.345897985,,,6.971441331,,,,,
Angola,AGO,"Unemployment, total (% of total labor force) (national estimate)",SL.UEM.TOTL.NE.ZS,,,,,,,,,,,,,,,,,,,,,,,,,14.2,14.9,18.9,,,,,,,,,,,,,,,,,,23.64,,,,,3.78,9.43,16.77,,,9.58,,,,,16.5,,15.8,
Albania,ALB,"Unemployment, total (% of total labor force) (national estimate)",SL.UEM.TOTL.NE.ZS,,,,,,,,,,,,,,,,,,,,,5.6,5.1,3.6,4.4,5.7,6.7,6.4,6.1,7,7.3,9.5,9.1,26.5,22.3,18.4,12.9,12.3,14.9,17.7,18.4,16.8,16.4,4.61,15,14.4,6.57,13.8,15.97,13.06,13.67,14.09,13.48,13.38,15.87,18.05,17.19,15.42,13.62,12.3,11.47,,,
Andorra,AND,"Unemployment, total (% of total labor force) (national estimate)",SL.UEM.TOTL.NE.ZS,,,,,,,,,,,,,,,,,,,,,,,,,,,,,,,,,,,,,,,,,,,,,,,,,,,,,,,,,,,,,,,
Arab World,ARB,"Unemployment, total (% of total labor force) (national estimate)",SL.UEM.TOTL.NE.ZS,,,,,,,,,,,,,,,,,,,,,,,,,,,,,,,,,,,,,,,,,,,,,,11.17405434,10.2698841,9.613163062,9.867355611,9.467956059,9.210523922,,10.56094194,,10.72096107,,9.629468924,,,,,,
United Arab Emirates,ARE,"Unemployment, total (% of total labor force) (national estimate)",SL.UEM.TOTL.NE.ZS,,,,,,,,,,,,,,,,1.96,,,,,,,,,,1.15,,,,,,,,,,1.8,,,,,2.25,,,,,3.12,,,,,,,,,,,1.64,2.46,2.24,2.33,4.29,3.11,
Argentina,ARG,"Unemployment, total (% of total labor force) (national estimate)",SL.UEM.TOTL.NE.ZS,,,,,,,,,,,4.8,6,6.6,5.6,3.4,2.3,4.5,2.8,2.8,2,2.3,4.5,4.73,4.17,3.54,5.3,4.4,5.3,6,7.3,7.06,5.44,6.36,10.1,11.76,18.8,17.11,14.82,12.65,14.05,15,17.32,19.59,15.36,13.52,11.51,10.08,8.47,7.84,8.65,7.71,7.18,7.22,7.1,7.27,,,8.35,9.22,9.84,11.46,8.74,
Armenia,ARM,"Unemployment, total (% of total labor force) (national estimate)",SL.UEM.TOTL.NE.ZS,,,,,,,,,,,,,,,,,,,,,,,,,,,,,,,,,1.8,5.3,6.6,6.7,9.3,10.8,9.4,11.2,,,,,,,,9.81,22.97,18.44,19.01,18.44,17.3,16.18,17.5,18.26,17.62,17.7,13.21,12.2,12.18,10.01,
American Samoa,ASM,"Unemployment, total (% of total labor force) (national estimate)",SL.UEM.TOTL.NE.ZS,,,,,,,,,,,,,,,12.99,17.24,19.08,14.87,13.79,14.35,12.41,12.61,12.78,12.96,13.11,13.29,13.38,,,,5.11,,,,,,,,,,5.05,,,,,9.98,,,,,9.2,,,,,,,,,,,,
Antigua and Barbuda,ATG,"Unemployment, total (% of total labor force) (national estimate)",SL.UEM.TOTL.NE.ZS,,,,,,,,,,,,,,20.46,19.46,19.45,20.69,,,,,,,,,,,,,,,6,,,,,,,,,,8.42,,,,,,,,,,,,,,,,,,,,,
Australia,AUS,"Unemployment, total (% of total labor force) (national estimate)",SL.UEM.TOTL.NE.ZS,,,,,,,,,,,,,,,,,,,,6.26,6.11,5.78,7.16,9.96,8.99,8.26,8.08,8.11,7.23,6.18,6.93,9.59,10.73,10.88,9.72,8.47,8.51,8.37,7.68,6.88,6.29,6.75,6.38,5.93,5.4,5.04,4.79,4.38,4.24,5.57,5.21,5.08,5.23,5.66,6.08,6.06,5.71,5.59,5.3,5.16,6.46,5.12,3.7
Austria,AUT,"Unemployment, total (% of total labor force) (national estimate)",SL.UEM.TOTL.NE.ZS,,,,,,,,,,2.8,2.4,1.5,1.3,1.2,1.3,2,2,1.8,2.1,2,1.9,2.06,3.35,4.11,3.8,3.6,3.12,3.79,3.55,3.14,3.25,3.42,3.59,4.25,3.54,4.35,5.28,5.15,5.52,4.7,4.69,4.01,4.85,4.78,5.97,5.68,5.32,4.91,4.2,5.37,4.88,4.64,4.91,5.37,5.67,5.8,6.06,5.56,4.93,4.56,5.2,6.46,
Azerbaijan,AZE,"Unemployment, total (% of total labor force) (national estimate)",SL.UEM.TOTL.NE.ZS,,,,,,,,,,,,,,,,,,,,,,,,,,,,,,,,0.11,0.17,0.52,0.65,0.8,0.9,1.03,1.13,16.25,11.78,10.91,10.04,9.17,7.99,7.26,6.62,6.33,5.86,5.74,5.63,5.42,5.19,4.97,4.91,4.96,5,4.96,4.94,4.85,7.16,5.95,
Burundi,BDI,"Unemployment, total (% of total labor force) (national estimate)",SL.UEM.TOTL.NE.ZS,,,,,,,,,,,,,,,,,,,,,,,,,,,,,,,0.48,,,,,,,,,14,,,,,,,3.18,,1.63,,,,,,1.57,,,,,,1.03,,
Belgium,BEL,"Unemployment, total (% of total labor force) (national estimate)",SL.UEM.TOTL.NE.ZS,,,,,,,,,,,,2.1,2.7,2.8,3,5.1,6.5,5.67,7.9,6.96,9.1,11.35,13,11.66,11.88,11.32,11.28,11.26,10.13,8.28,7.25,6.98,6.7,8.08,9.65,9.34,9.48,8.95,9.32,8.65,6.59,6.18,6.91,7.68,7.36,8.44,8.25,7.46,6.98,7.91,8.29,7.14,7.54,8.43,8.52,8.48,7.83,7.09,5.95,5.36,5.55,6.26,
Benin,BEN,"Unemployment, total (% of total labor force) (national estimate)",SL.UEM.TOTL.NE.ZS,,,,,,,,,,,,,,,,,,,,,,,,,,,0.18,,,,,,1.51,,,,,,,,,,0.69,,,,,,,,1.04,2.65,,,,,,,1.47,,,,
Burkina Faso,BFA,"Unemployment, total (% of total labor force) (national estimate)",SL.UEM.TOTL.NE.ZS,,,,,,,,,,,,,,,,,,,,,,,,,,1.3,,,,,,,,,2.58,,,,2.44,,,,,2.78,,4,,3.3,,,,,,,6.48,,,,4.69,,,,
Bangladesh,BGD,"Unemployment, total (% of total labor force) (national estimate)",SL.UEM.TOTL.NE.ZS,,,,,,,,,,,,,,,,,,,,,,,,,2.04,2.02,0.96,,,0.92,,2.2,,,,,2.51,,,,3.27,,,4.32,,4.25,3.59,,,5,3.38,,,4.43,,,4.35,4.37,,,,,
Bulgaria,BGR,"Unemployment, total (% of total labor force) (national estimate)",SL.UEM.TOTL.NE.ZS,,,,,,,,,,,,,,,,,,,,,,,,,,,,,,,1.7,11.1,15.3,16.4,12.8,11.1,12.5,13.7,12.2,14.1,16.22,19.92,18.11,13.73,12.04,10.08,8.95,6.88,5.61,6.82,10.28,11.26,12.27,12.94,11.42,9.14,7.57,6.16,5.21,4.23,5.12,5.27,
Bahrain,BHR,"Unemployment, total (% of total labor force) (national estimate)",SL.UEM.TOTL.NE.ZS,,,,,,,,,,,,,,,,,,,,,,3.1,,,,,,,,,,,,,,,,,,,,,,,,,,5.6,3.7,4,1.13,4,1.2,,,,,,,,,,
"Bahamas, The",BHS,"Unemployment, total (% of total labor force) (national estimate)",SL.UEM.TOTL.NE.ZS,,,,,,,,,,,,,,8.6,,21.2,,20.86,,14.7,,,,,,,12.09,,11.02,11.59,7.77,12.17,14.81,12.72,13.83,10.83,11.46,9.76,7.65,7.45,,6.87,9.05,10.84,10.2,10.2,7.54,7.88,8.18,14.25,,14.52,14.02,16.18,13.8,12,12.7,9.8,10,,,,
Bosnia and Herzegovina,BIH,"Unemployment, total (% of total labor force) (national estimate)",SL.UEM.TOTL.NE.ZS,,,,,,,,,,,,,,,,,,,,,,,,,,,,,,,,17.55,,,,,,,,,,16.1,,,,,31.11,28.98,23.41,24.07,27.31,27.58,28.01,27.49,27.52,27.69,25.41,20.53,18.4,15.69,15.87,14.9,
Belarus,BLR,"Unemployment, total (% of total labor force) (national estimate)",SL.UEM.TOTL.NE.ZS,,,,,,,,,,,,,,,,,,,,,,,,,,,,,,,,0.05,0.5,1.4,2.1,2.9,4,2.8,2.3,2.1,2.1,2.3,3,3.1,1.9,1.5,1.2,1,0.8,6.1,,0.6,0.5,0.5,0.5,1,5.84,5.65,4.76,4.16,4.05,3.9,
Belize,BLZ,"Unemployment, total (% of total labor force) (national estimate)",SL.UEM.TOTL.NE.ZS,,,,,,,,,,,,,,,,,,,,,,,,,,,,,,,,,,9.78,11.1,12.48,13.82,12.68,14.31,12.84,,9.07,10.04,,,10.91,9.39,8.51,8.18,,,,,8.35,8.24,7.58,7,6.6,,9.05,,10.16,
Bermuda,BMU,"Unemployment, total (% of total labor force) (national estimate)",SL.UEM.TOTL.NE.ZS,,,,,,,,,,,,,,,,,,,,,,,,,,,,,,,,,,,,,,,,,2.71,,,,,,,,,4.48,6.49,,8.44,6.66,8.94,,,,,,,,
Bolivia,BOL,"Unemployment, total (% of total labor force) (national estimate)",SL.UEM.TOTL.NE.ZS,,,,,,,,,,,,9,8.1,7.1,6.1,5.2,5.3,5.3,5.5,5.6,6.1,10.16,11.6,14.19,14.66,19.28,19.76,20.32,18,10.1,6.69,6.59,5.52,5.99,3.08,3.69,5.23,2.08,,3.93,4.47,5.24,5.48,,4.17,5.45,5.08,5.18,2.6,2.97,,2.25,2.07,2.44,2.02,3.11,3.5,3.65,3.52,3.68,7.9,5.09,
Brazil,BRA,"Unemployment, total (% of total labor force) (national estimate)",SL.UEM.TOTL.NE.ZS,,,,,,,,,,,,,3.06,2.78,,,1.92,2.32,2.36,2.76,,3.99,4.83,4.62,4.04,3.38,2.37,3.56,3.79,2.97,3.69,,6.42,6.03,,7.09,8.03,9,10.15,11.13,,10.65,10.64,11.17,10.07,10.55,9.69,9.28,8.27,9.42,,7.58,7.25,7.07,6.76,8.54,11.58,12.79,12.33,11.94,13.7,13.16,9.23
Barbados,BRB,"Unemployment, total (% of total labor force) (national estimate)",SL.UEM.TOTL.NE.ZS,,,,,,,,,,,,,,,,,9.86,12.45,13.29,9.45,8.98,7.23,8.39,9.06,17.02,18.85,17.88,17.94,17.57,14.06,8.16,7.52,22.94,24.54,22.98,19.66,14.71,14.61,12.4,10.61,9.35,9.85,10.32,11,,,,,,10.02,10.69,11.19,11.59,11.55,12.17,9.8,8.25,8.62,8.32,8.41,,,
Brunei Darussalam,BRN,"Unemployment, total (% of total labor force) (national estimate)",SL.UEM.TOTL.NE.ZS,,,,,,,,,,,,,,,,8.25,7.85,8.06,8.7,10.04,7.67,7.84,6.55,6.04,,,,,,,,4.7,,,,,,,,,,,,,,,,,,,,,,,6.86,,,9.32,8.7,6.6,7.41,4.91,
Bhutan,BTN,"Unemployment, total (% of total labor force) (national estimate)",SL.UEM.TOTL.NE.ZS,,,,,,,,,,,,,,,,,,,,,,,,,,,,,,,,,,,,,,,1.4,1.4,,1.9,,1.8,2.49,3.1,3.13,3.7,,3.96,3.32,3.23,2.05,2.87,2.63,2.45,,,3.35,2.72,5.03,4.8,
Botswana,BWA,"Unemployment, total (% of total labor force) (national estimate)",SL.UEM.TOTL.NE.ZS,,,,,,,,,,,,,,,,,,,,,,,,,,25.67,,,,,,13.82,,,21.2,,21.59,,20.86,,15.88,18.54,,23.8,,,17.78,,,16.17,17.86,,,,,,,,,20.09,21.02,23.11,23.62
Central African Republic,CAF,"Unemployment, total (% of total labor force) (national estimate)",SL.UEM.TOTL.NE.ZS,,,,,,,,,,,,,,,,,,,,,,,,,,,,,,,,,,,,,,,,,,,,,,,,,,,,,,,,,,,,,,,
Canada,CAN,"Unemployment, total (% of total labor force) (national estimate)",SL.UEM.TOTL.NE.ZS,,,,,,,,,,4.7,5.9,6.4,6.3,5.6,5.4,,7.09,8.05,8.38,7.53,7.54,7.61,11.04,12.02,11.34,10.5,9.59,8.82,7.76,7.55,8.13,10.32,11.2,11.38,10.4,9.49,9.62,9.1,8.28,7.58,6.83,7.22,7.66,7.57,7.19,6.76,6.32,6.04,6.14,8.34,8.06,7.51,7.29,7.07,6.91,6.91,7,6.34,5.83,5.66,9.46,7.46,5.26
Central Europe and the Baltics,CEB,"Unemployment, total (% of total labor force) (national estimate)",SL.UEM.TOTL.NE.ZS,,,,,,,,,,,,,,,,,,,,,,,,,,,,,,,,,,12.20410526,11.22554416,10.54957511,10.08556758,9.216059921,9.010450728,10.41167569,12.44151312,13.25330419,13.77060047,13.0065443,12.92752498,12.06043058,10.10359905,7.810527652,6.60789719,8.489187986,9.902280946,9.78976464,9.979944873,10.05098737,8.864229876,7.819133039,6.490216987,5.297875419,4.317413813,3.781699492,4.370527905,4.486433095,
Switzerland,CHE,"Unemployment, total (% of total labor force) (national estimate)",SL.UEM.TOTL.NE.ZS,,,,,,,,,,,,,,,,0.3,0.7,0.4,0.4,0.4,0.2,0.2,0.4,0.9,1.1,1,0.8,0.8,0.7,0.6,2.07,1.82,2.34,3.55,3.58,3.09,3.68,4.13,3.57,3.05,2.66,2.49,2.92,4.12,4.32,4.44,3.99,3.64,3.35,4.11,4.81,4.41,4.49,4.75,4.83,4.8,4.92,4.8,4.71,4.39,4.82,5.1,
Channel Islands,CHI,"Unemployment, total (% of total labor force) (national estimate)",SL.UEM.TOTL.NE.ZS,,,,,,,,,,,,,,,,,,,,,,,,,,,,,,,,,,,,,,,,,,,,,,,,,,,,,,,,,,,,,,,
Chile,CHL,"Unemployment, total (% of total labor force) (national estimate)",SL.UEM.TOTL.NE.ZS,,,,,,,,,,,,,,,,14.69,12.75,11.83,14.26,13.63,10.46,11.35,19.6,14.65,13.91,,8.71,,6.23,5.29,5.63,5.23,4.35,4.49,5.87,4.7,7.41,7.14,7.31,11.16,10.49,10.39,10.17,9.77,10.16,9.34,9.02,8.43,9.29,11.31,8.41,7.32,6.64,6.2,6.65,6.49,6.73,6.95,7.21,7.27,10.94,9.28,8.25
China,CHN,"Unemployment, total (% of total labor force) (national estimate)",SL.UEM.TOTL.NE.ZS,,,,,,,,,,,,,,,,,,,5.3,5.4,4.9,3.8,3.2,2.3,1.9,1.8,2,2,2,2.6,2.5,2.3,2.3,2.6,2.8,2.9,3,3.1,3.1,3.1,3.1,3.6,4,4.3,4.2,4.2,4.1,4,4.2,4.3,4.1,4.1,4.1,4.05,4.1,,,3.9,4.93,5.15,5.61,5.11,
Cote d'Ivoire,CIV,"Unemployment, total (% of total labor force) (national estimate)",SL.UEM.TOTL.NE.ZS,,,,,,,,,,,,,,,,,,,,,,,,,,,,,,,,,6.7,,,4.1,,,4.1,,,,,,,,,,,,,,7.22,4.25,,,1.9,3.27,,2.4,,,
Cameroon,CMR,"Unemployment, total (% of total labor force) (national estimate)",SL.UEM.TOTL.NE.ZS,,,,,,,,,,,,,,,,,,,,,,,,,,,,,,,,,,,,,8.06,,,,,7.46,,,,4.4,,3.06,,,4.11,,,,3.53,,,,,,,,
"Congo, Dem. Rep.",COD,"Unemployment, total (% of total labor force) (national estimate)",SL.UEM.TOTL.NE.ZS,,,,,,,,,,,,,,,,,,,,,,,,,,,,,,,,,,,,,,,,,,,,,,2.95,,,,,,,4.49,,,,,,,,1.47,,
"Congo, Rep.",COG,"Unemployment, total (% of total labor force) (national estimate)",SL.UEM.TOTL.NE.ZS,,,,,,,,,,,,,,,,,,,,,,,,,,,,,,,,,,,,,,,,,,,,,,19.8,,,,19.86,,,10,,,,,,,,,,
Colombia,COL,"Unemployment, total (% of total labor force) (national estimate)",SL.UEM.TOTL.NE.ZS,,,,,,,,,,,,,,,,10.55,,9.4,,,9.1,8.13,11.46,11.13,13,13.89,12.94,10.83,,,,10.12,9.44,7.8,8.25,8.72,11.81,12.14,15,20.06,20.52,15.04,14.48,13.22,13.72,11.06,,11.2,11.27,12.07,11.15,10.29,9.96,9.25,8.8,8.57,8.92,9.09,9.36,10.28,15.98,13.9,10.55
Comoros,COM,"Unemployment, total (% of total labor force) (national estimate)",SL.UEM.TOTL.NE.ZS,,,,,,,,,,,,,,,,,,,,,,,,,,,,,,,,,,,,,,,,,,,,,4.57,,,,,,,,,,8.14,,,,,,,5.86,
Cabo Verde,CPV,"Unemployment, total (% of total labor force) (national estimate)",SL.UEM.TOTL.NE.ZS,,,,,,,,,,,,,,,,,,,,,,,,,,,,,,,23,,,,,,,,,,,,,,,,,,,,10.67,,,,,31.31,,12.24,12.17,11.29,,,
Costa Rica,CRI,"Unemployment, total (% of total labor force) (national estimate)",SL.UEM.TOTL.NE.ZS,,,,,,,,,,,,,,,,,,,,,,,,,,,,,,,,,,,,,,,,,,6.05,6.4,6.65,6.44,6.75,5.93,4.56,4.93,7.82,7.17,9.52,9.11,8.22,8.5,8.42,8.09,7.73,9.01,10.81,16.43,15.14,11.32
Caribbean small states,CSS,"Unemployment, total (% of total labor force) (national estimate)",SL.UEM.TOTL.NE.ZS,,,,,,,,,,,,,,,,,,,,,,,,,,,,,,,15.69313064,15.72597123,16.57807079,17.19862612,16.2256229,15.72400591,15.30769005,15.09782304,14.27672429,14.01880057,,12.76920494,12.46209535,11.60089723,11.0142428,10.41999345,9.206885278,8.428593476,6.750654291,7.835797493,6.698609345,7.864970044,8.286683927,8.669308763,7.695800691,9.674158194,7.470089066,,,6.258000804,,,
Cuba,CUB,"Unemployment, total (% of total labor force) (national estimate)",SL.UEM.TOTL.NE.ZS,,,,,,,,,,,,,,,,,,,,,,,,,,,,,,,,,,,,8.27,7.61,7.1,6.23,6.26,5.45,4.08,3.31,2.33,1.85,1.95,1.91,1.79,1.58,1.67,2.5,3.18,3.46,3.29,2.7,2.4,2,1.7,1.7,,,,
Curacao,CUW,"Unemployment, total (% of total labor force) (national estimate)",SL.UEM.TOTL.NE.ZS,,,,,,,,,,,,,,,,,,,,,,,,,,,,,,,,,,,,,,,,,,,,,,,,,,,,9.78,,13.03,12.61,11.71,,,13.43,,19.07,,
Cayman Islands,CYM,"Unemployment, total (% of total labor force) (national estimate)",SL.UEM.TOTL.NE.ZS,,,,,,,,,,,,,,,,,,,,,,,,,,,,,,,,5.91,,7.22,5.74,4.94,5.1,4.14,4.17,,,7.54,5.37,3.61,3.45,3.54,2.62,3.83,3.97,6.04,6.68,6.78,6.21,6.27,4.7,4.24,,,,,,,
Cyprus,CYP,"Unemployment, total (% of total labor force) (national estimate)",SL.UEM.TOTL.NE.ZS,,,,,,,,,,,,,,,,10.9,7.4,3.1,2,1.7,2,2.6,2.8,3.3,3.3,3.3,3.7,3.4,2.8,2.3,1.8,3,2.09,2.7,2.7,2.6,3.1,3.4,3.3,5.53,4.77,4.04,3.34,4.15,4.77,5.48,4.59,3.95,3.76,5.59,6.36,7.94,12.1,16.13,16.28,15.03,13.01,11.16,8.5,7.15,7.76,7.51,
Czechia,CZE,"Unemployment, total (% of total labor force) (national estimate)",SL.UEM.TOTL.NE.ZS,,,,,,,,,,,,,,,,,,,,,,,,,,,,,,,0.7,2.27,2.6,4.32,4.3,4.02,3.89,4.79,6.45,8.7,8.76,8.13,7.28,7.78,8.3,7.93,7.14,5.32,4.39,6.66,7.28,6.71,6.98,6.95,6.11,5.05,3.95,2.89,2.25,2.02,2.55,2.8,
Germany,DEU,"Unemployment, total (% of total labor force) (national estimate)",SL.UEM.TOTL.NE.ZS,,,,,,,,,,,,,,,,,,,,,,,,6.45,6.67,6.88,6.61,6.81,6.32,5.7,4.89,5.32,6.32,7.68,8.73,8.16,8.82,9.86,9.79,8.85,7.92,7.77,8.48,9.78,10.73,11.17,10.25,8.66,7.52,7.74,6.97,5.82,5.38,5.23,4.98,4.62,4.12,3.75,3.38,3.14,3.86,3.57,
Djibouti,DJI,"Unemployment, total (% of total labor force) (national estimate)",SL.UEM.TOTL.NE.ZS,,,,,,,,,,,,,,,,,,,,,,,,,,,,,,,,,,,,,,,,,,,,,,,,,,,,,,,,,,26.06,,,,,
Dominica,DMA,"Unemployment, total (% of total labor force) (national estimate)",SL.UEM.TOTL.NE.ZS,,,,,,,,,,,,,,,,,,,,,,,,,,,,,,11.33,,9.53,,,,,,23.18,,15.67,,10.96,,,,,,,,,,,,,,,,,,,,,
Denmark,DNK,"Unemployment, total (% of total labor force) (national estimate)",SL.UEM.TOTL.NE.ZS,,,,,,,,,,,,,,0.9,2.1,5.1,5.3,6.4,7.3,6.1,7,9.2,10,9.74,8.87,7.8,6.03,6.09,6.49,8.15,8.34,9.1,9.03,10.72,8.04,6.99,6.84,5.4,5.04,5.14,4.48,4.16,4.27,5.4,5.2,4.83,3.9,3.8,3.68,6.41,7.75,7.77,7.8,7.38,6.93,6.28,5.99,5.83,5.13,5.02,5.64,5.06,
Dominican Republic,DOM,"Unemployment, total (% of total labor force) (national estimate)",SL.UEM.TOTL.NE.ZS,,,,,,,,,,,,,,,,,,,,,,,,,,,,,,,,,,,,,,,,,6.43,7.26,6.78,6.94,6.3,6.59,5.65,5.16,4.76,5.47,5.21,6.09,6.72,7.35,6.72,7.61,7.28,5.83,5.86,6.18,6.13,7.7,
Algeria,DZA,"Unemployment, total (% of total labor force) (national estimate)",SL.UEM.TOTL.NE.ZS,,,,,,,,,,,,,,,,,,,,,,,,,,,,,,17.64,21.26,20.6,24.38,26.23,27.74,31.84,,25.43,,,29.77,27.3,25.9,23.72,17.65,15.27,12.27,13.79,11.33,10.16,9.96,9.96,10.97,9.82,10.21,11.21,10.2,12,,,,,
East Asia & Pacific (excluding high income),EAP,"Unemployment, total (% of total labor force) (national estimate)",SL.UEM.TOTL.NE.ZS,,,,,,,,,,,,,,,,,,,,,,,,,,,,,,,2.766043908,2.593579805,2.548281625,2.794197907,3.118160345,3.057536027,3.224896924,3.320055389,3.544111091,3.597090217,3.603412337,3.783302617,4.204656425,4.30855192,4.330515356,4.466600064,4.370019726,4.201302171,4.377487175,4.22594372,3.937077397,3.877600023,3.802727184,3.744867477,3.759333724,,,3.531314229,4.298928502,4.339889033,4.854946741,4.585418187,
Early-demographic dividend,EAR,"Unemployment, total (% of total labor force) (national estimate)",SL.UEM.TOTL.NE.ZS,,,,,,,,,,,,,,,,,,,,,,,,,,,,,,,,,,,6.672412292,,,,,,5.444546769,,,,,8.073815202,,,,,4.859157483,,5.012093597,,,,,,6.926645059,6.34473928,7.488727431,6.596212811,
East Asia & Pacific,EAS,"Unemployment, total (% of total labor force) (national estimate)",SL.UEM.TOTL.NE.ZS,,,,,,,,,,,,,,,,,,,,,,,,,,,,,,,2.745236787,2.619035526,2.60060225,2.851072201,3.140113519,3.091021931,3.258601888,3.349270785,3.692312322,3.766114041,3.714100702,3.901110233,4.304003824,4.381588809,4.356733161,4.450400706,4.333373283,4.154761253,4.314452503,4.296668645,4.021383969,3.91664304,3.834692054,3.766165644,3.763518253,,,3.523741269,4.186282612,4.209725841,4.724331296,4.463011923,
Europe & Central Asia (excluding high income),ECA,"Unemployment, total (% of total labor force) (national estimate)",SL.UEM.TOTL.NE.ZS,,,,,,,,,,,,,,,,,,,,,,,,,,,,,,,,,5.345419151,5.86460173,7.439188934,7.904480817,8.746331409,10.0636071,11.22477586,11.8489834,9.625835285,9.072125049,8.552637603,8.523875556,8.200188813,7.616065569,7.413929161,7.095179786,7.276404999,9.17333828,8.544568346,7.679918685,7.045562171,7.061772468,7.313798926,7.462608113,7.61566187,7.393750434,7.309345099,7.463955033,7.65844064,7.334162138,
Europe & Central Asia,ECS,"Unemployment, total (% of total labor force) (national estimate)",SL.UEM.TOTL.NE.ZS,,,,,,,,,,,,,,,,,,,,,,,,,,,,,,,,,7.307673255,8.684494788,9.65111865,9.427546375,9.784781854,10.11606132,10.28212042,10.37492456,9.256543062,8.61590638,8.625755808,8.704516844,8.685858268,8.347511387,7.823377441,7.094002041,7.075357485,8.97743892,9.068496962,8.730366828,8.939976493,9.141588369,8.892464902,8.508126361,8.086892962,7.475742079,6.983286747,6.738534199,7.284970995,7.110813978,
Ecuador,ECU,"Unemployment, total (% of total labor force) (national estimate)",SL.UEM.TOTL.NE.ZS,,,,,,,,,,,,,,,4.4,5.3,,5.8,,,,,,,,,,7.24,6.99,7.71,5.88,8.19,8.56,7.95,6.68,6.7,10.38,9.17,11.49,13.96,4.8,4.25,,5.66,5,3.78,3.55,3.14,3.92,4.61,4.09,3.46,3.23,3.08,3.48,3.62,4.6,3.84,3.53,3.81,6.11,4.5,
"Egypt, Arab Rep.",EGY,"Unemployment, total (% of total labor force) (national estimate)",SL.UEM.TOTL.NE.ZS,,,,,,,,,,,2.4,1.82,1.53,1.71,2.3,2.57,,3.13,3.64,4.55,5.18,4.97,5.21,6.47,5.89,,,,,7.06,8.43,9.38,8.92,10.92,10.93,11.04,9,8.37,8.03,7.95,8.98,9.26,10.01,10.91,10.32,11.05,10.49,8.8,8.52,9.09,8.76,11.85,12.6,13.15,13.1,13.05,12.45,11.77,9.86,7.85,7.97,7.44,
Euro area,EMU,"Unemployment, total (% of total labor force) (national estimate)",SL.UEM.TOTL.NE.ZS,,,,,,,,,,,,,,,,,,,,,,,,,,,,,,,8.28077007,8.343568037,8.884450212,10.45600373,11.62803604,11.34669982,11.62892136,11.62779541,11.17062677,10.44578654,9.430423303,8.362659149,8.62633595,8.973964494,9.247256454,9.094324061,8.380472565,7.499193823,7.539859501,9.604353682,10.14072538,10.18363796,11.36780918,11.91627392,11.56203618,10.82982756,9.998486418,9.032888144,8.1564335,7.517040602,7.828709486,7.71185997,
Eritrea,ERI,"Unemployment, total (% of total labor force) (national estimate)",SL.UEM.TOTL.NE.ZS,,,,,,,,,,,,,,,,,,,,,,,,,,,,,,,,,,,,,,,,,,,,,,,,,,,,,,,,,,,,,,,
Spain,ESP,"Unemployment, total (% of total labor force) (national estimate)",SL.UEM.TOTL.NE.ZS,,,,,,,,,,1.3,1.1,1.5,1.5,2.49,3.04,4.8,2.9,5.2,6.97,8.61,11.4,14.17,16,17.49,20.25,21.64,21.26,20.61,19.85,17.33,16.27,15.93,17.7,22.16,24.21,22.68,22.14,20.7,18.67,15.48,13.79,10.35,11.15,11.28,11.09,9.15,8.45,8.23,11.25,17.86,19.86,21.39,24.79,26.09,24.44,22.06,19.64,17.22,15.25,14.1,15.53,14.78,
Estonia,EST,"Unemployment, total (% of total labor force) (national estimate)",SL.UEM.TOTL.NE.ZS,,,,,,,,,,,,,,,,,,,,,,,,,,,,,,0.56,0.64,1.47,3.68,6.54,7.56,9.66,9.92,10.33,9.52,11.58,13.36,13.13,10.03,11.29,10.25,8.03,5.91,4.59,5.45,13.55,16.71,12.33,10.02,8.63,7.35,6.19,6.76,5.76,5.37,4.45,6.8,6.18,
Ethiopia,ETH,"Unemployment, total (% of total labor force) (national estimate)",SL.UEM.TOTL.NE.ZS,,,,,,,,,,,,,,,,,,,,,,,,,1.2,,,,,,,,,,3.1,,,,,3.71,,,,,,2.5,,,,,,,,2.25,,,,,,,,3.93,
European Union,EUU,"Unemployment, total (% of total labor force) (national estimate)",SL.UEM.TOTL.NE.ZS,,,,,,,,,,,,,,,,,,,,,,,,,,,,,,,7.460954268,8.119214177,8.738117785,10.78276062,11.37099007,10.96791725,11.03833542,10.86092231,10.44168477,10.19209269,9.832647079,9.210816379,9.556423543,9.662713021,9.885064172,9.62561759,8.675324571,7.496730746,7.247650178,9.175567354,9.854843502,9.895735671,10.86931002,11.32266058,10.81945023,10.02147601,9.10680873,8.122875614,7.253717032,6.675861581,7.042987616,7.006926094,
Fragile and conflict affected situations,FCS,"Unemployment, total (% of total labor force) (national estimate)",SL.UEM.TOTL.NE.ZS,,,,,,,,,,,,,,,,,,,,,,,,,,,,,,,,,,,,,,,,,,,,,,,,,,,,,,,,,,,,,,,
Finland,FIN,"Unemployment, total (% of total labor force) (national estimate)",SL.UEM.TOTL.NE.ZS,,,,,,,,,,2.83,1.89,2.26,2.42,2.45,1.61,2.08,3.75,6.09,7.23,6.2,4.86,5.04,5.28,5.43,5.12,5,5.32,5.07,4.47,3.14,,,,,,17,15.57,14.97,13.21,11.69,11.13,10.29,10.42,10.47,10.36,8.38,7.72,6.85,6.37,8.25,8.39,7.78,7.69,8.19,8.66,9.38,8.82,8.64,7.36,6.69,7.76,7.61,
Fiji,FJI,"Unemployment, total (% of total labor force) (national estimate)",SL.UEM.TOTL.NE.ZS,,,,,,,,,,,,,,,,,,,,,,,6.06,,,,,,,,,5.93,5.35,5.88,5.7,5.4,5.78,,,,,,,8.22,4.7,3.89,,,8.94,8.72,8.91,4.41,9,,6.17,,4.32,,,,,,
France,FRA,"Unemployment, total (% of total labor force) (national estimate)",SL.UEM.TOTL.NE.ZS,,,,,,,,,,,2.42,2.67,2.77,2.69,2.86,4.08,4.47,5.01,5.27,6.03,6.42,7.54,8.2,7.92,9.53,10.26,10.23,10.74,10.18,9.62,9.36,9.13,10.2,11.32,12.59,11.83,12.37,12.57,12.07,11.98,10.22,8.61,8.7,8.31,8.91,8.88,8.83,8.01,7.39,9.12,9.28,9.23,9.84,9.91,10.27,10.35,10.06,9.41,9.02,8.41,8.01,7.86,
Faroe Islands,FRO,"Unemployment, total (% of total labor force) (national estimate)",SL.UEM.TOTL.NE.ZS,,,,,,,,,,,,,,,,,,,,,,,,,,,,,,,,,,,,,,,,,4.17,4,,3.85,3.7,3.46,1.8,1.73,2.36,3.94,6.39,5.29,3.03,4.03,,,,,,,,,
"Micronesia, Fed. Sts.",FSM,"Unemployment, total (% of total labor force) (national estimate)",SL.UEM.TOTL.NE.ZS,,,,,,,,,,,,,,,,,,,,,,,,,,,,,,,,,,,,,,,,,,,,,,,,,,,,,,,8.86,,,,,,,,
Gabon,GAB,"Unemployment, total (% of total labor force) (national estimate)",SL.UEM.TOTL.NE.ZS,,,,,,,,,,,,,,,,,,,,,,,,,,,,,,,,,,17.78,,,,,,,,,,,,16.91,,,,,20.39,,,,,,,,,,,,
United Kingdom,GBR,"Unemployment, total (% of total labor force) (national estimate)",SL.UEM.TOTL.NE.ZS,,,,,,,,,,,,3.3,3.7,2.6,2.6,4,5.5,5.8,5.7,5.3,6.8,10.4,10.9,11.09,10.9,11.48,11.51,11.02,9,7.41,6.97,8.55,9.77,10.35,9.65,8.69,8.19,7.07,6.2,6.04,5.56,4.7,5.04,4.81,4.59,4.75,5.35,5.26,5.62,7.54,7.79,8.04,7.88,7.52,6.11,5.3,4.81,4.33,4,3.74,,,
Georgia,GEO,"Unemployment, total (% of total labor force) (national estimate)",SL.UEM.TOTL.NE.ZS,,,,,,,,,,,,,,,,,,,,,,,,,,,,,,,,,,,,,2.4,5,14.53,13.8,10.82,11.16,12.59,11.51,12.62,13.81,13.57,13.28,17.87,20.71,20.2,19.63,19.65,19.42,17.44,16.51,16.6,13.94,12.67,11.57,11.73,,
Ghana,GHA,"Unemployment, total (% of total labor force) (national estimate)",SL.UEM.TOTL.NE.ZS,,,,,,,,,,,,,,,,,,,,,,,,,,,,,,,,3.49,4.7,,,,,,8.2,10.1,10.46,,,,,,4.9,,,,5.38,,,2.17,,6.81,,3.37,,,,,
Gibraltar,GIB,"Unemployment, total (% of total labor force) (national estimate)",SL.UEM.TOTL.NE.ZS,,,,,,,,,,,,,,,,,,,,,,,,,,,,,,,,6.44,,,,,,,,,,,,,,,,,,,,,,,,,,,,,,,
Guinea,GIN,"Unemployment, total (% of total labor force) (national estimate)",SL.UEM.TOTL.NE.ZS,,,,,,,,,,,,,,,,,,,,,,,,,,,,,,,,,,,,,,,,,,,4.55,,,,,,,,,,,,,,,,,5.02,,,
"Gambia, The",GMB,"Unemployment, total (% of total labor force) (national estimate)",SL.UEM.TOTL.NE.ZS,,,,,,,,,,,,,,,,,,,,,,,,,,,,,,,,,,,,,,,,,,,,,,,,,,,,,10.35,,,,,,4.13,,,,
Guinea-Bissau,GNB,"Unemployment, total (% of total labor force) (national estimate)",SL.UEM.TOTL.NE.ZS,,,,,,,,,,,,,,,,,,,,,,,,,,,,,,,,,,,,,,,,,,,,,,,,,,,,,,,,,,,3.2,,,,
Equatorial Guinea,GNQ,"Unemployment, total (% of total labor force) (national estimate)",SL.UEM.TOTL.NE.ZS,,,,,,,,,,,,,,,,,,,,,,,,25,,,,,,,,,,,,,,,,,,,,,,,,,,,,,,,,,,,,,,,
Greece,GRC,"Unemployment, total (% of total labor force) (national estimate)",SL.UEM.TOTL.NE.ZS,,,,,,,,,,,,,,,,,,,,,,3.42,4.94,7.8,8.1,7.8,7.36,6.06,6.28,6.03,5.65,6.05,7.09,8.13,7.86,8.31,8.58,8.62,10.22,12.14,11.34,10.76,10.35,9.84,10.63,10.07,8.91,8.35,7.66,9.55,12.72,17.97,24.73,27.69,26.71,24.98,23.51,21.41,19.18,17.04,15.9,14.66,
Grenada,GRD,"Unemployment, total (% of total labor force) (national estimate)",SL.UEM.TOTL.NE.ZS,,,,,,,,,,,,,,,,,,,,,,,,,,,,,,,,13.91,,,26.93,,16.89,,15.24,,,,,,,,,,,,,,,24.2,24.5,22.9,,,,,,,
Greenland,GRL,"Unemployment, total (% of total labor force) (national estimate)",SL.UEM.TOTL.NE.ZS,,,,,,,,,,,,,,,,,,,,,,,,,,,,,,,,,,,,,12.92,10.08,11.56,9.03,11.02,9.53,8.82,10.3,10.44,9.25,8.4,,,,7.8,9.4,9.8,10.1,10.3,9.1,,,,,,,
Guatemala,GTM,"Unemployment, total (% of total labor force) (national estimate)",SL.UEM.TOTL.NE.ZS,,,,,,,,,,,,,,,,,,,,,,2.15,2.27,,,,,2.4,,1.94,,,,,,,,,,,,,,2.81,2.97,,1.9,,,,3.5,4.13,2.76,3.02,2.72,2.51,2.58,2.46,2.28,2.19,,,
Guam,GUM,"Unemployment, total (% of total labor force) (national estimate)",SL.UEM.TOTL.NE.ZS,,,,,,,,,,,,,,,9.6,8.21,8.79,,,,9.9,8.7,9.6,9.25,,,6.28,,4.27,2.81,2.83,3.51,3.84,5.53,7.6,7.9,8.28,9.67,7.74,13.95,15.32,13.21,11.39,,7.7,7,7.4,8.3,,9.3,8.2,13.3,12.2,11.5,7.6,6.9,5.4,,,,,,
Guyana,GUY,"Unemployment, total (% of total labor force) (national estimate)",SL.UEM.TOTL.NE.ZS,,,,,,,,,,,,,,,,,,,,,,,,,,,,13.09,,,,,11.9,,,,,,,,,,11.81,,,,10.7,,,,,,,,,,,,14.02,13.52,,,
High income,HIC,"Unemployment, total (% of total labor force) (national estimate)",SL.UEM.TOTL.NE.ZS,,,,,,,,,,,,,,,,,,,,,,,,,,,,,,,5.786490812,6.510114924,7.070215973,7.765436051,7.813167035,7.439116052,7.467818036,7.191753215,7.117601435,6.959067313,6.560500669,6.552625259,7.079930211,7.191620758,7.025873794,6.728612663,6.204953546,5.662056637,5.902800061,8.024895819,8.278396019,8.020899114,8.015048612,7.914276645,7.282702101,6.693072159,6.151340905,5.620724702,5.106586923,4.793877386,6.649936765,5.701338135,
"Hong Kong SAR, China",HKG,"Unemployment, total (% of total labor force) (national estimate)",SL.UEM.TOTL.NE.ZS,,,,,,,,,,,,,,,,9.17,5,4.3,1.59,2.09,2.4,1.53,1.85,2.11,1.92,3.18,2.82,1.73,1.36,1.07,1.32,1.8,1.96,1.96,1.9,3.22,2.83,2.22,4.58,6.25,4.92,5.09,7.28,7.86,6.74,5.58,4.77,4.01,3.56,5.26,4.33,3.42,3.29,3.4,3.3,3.31,3.39,3.12,2.81,2.92,5.81,5.17,
Honduras,HND,"Unemployment, total (% of total labor force) (national estimate)",SL.UEM.TOTL.NE.ZS,,,,,,,,,,,,,,,8.1,,,,,,,,7.3,,,,12.12,11.4,,,4.78,4.58,3.06,,,3.24,4.37,3.32,4.02,3.85,,4,4.02,5.3,5.99,4.91,3.57,3.21,3.16,3.29,4.12,4.47,3.75,5.65,7.08,6.15,6.73,5.53,5.62,5.55,10.68,,
Heavily indebted poor countries (HIPC),HPC,"Unemployment, total (% of total labor force) (national estimate)",SL.UEM.TOTL.NE.ZS,,,,,,,,,,,,,,,,,,,,,,,,,,,,,,,,,,,,,,,,,,,,,,,,,,,,,,,,,,,,,,,
Croatia,HRV,"Unemployment, total (% of total labor force) (national estimate)",SL.UEM.TOTL.NE.ZS,,,,,,,,,,,,,,,,,,,,,,,,,,,,,,,,11.14,,,,,9.68,9.71,11.39,13.56,16.06,15.82,15.05,13.92,13.66,12.6,11.13,9.91,8.53,9.2,11.62,13.68,15.93,17.25,17.29,16.18,13.1,11.21,8.43,6.62,7.51,7.61,
Haiti,HTI,"Unemployment, total (% of total labor force) (national estimate)",SL.UEM.TOTL.NE.ZS,,,,,,,,,,,,,,,,,,,,,,,,12.2,,,,,,,11.25,,,,,,,,,7.2,,,,,,,,16.8,,,,,14.1,,,,,,,,,,
Hungary,HUN,"Unemployment, total (% of total labor force) (national estimate)",SL.UEM.TOTL.NE.ZS,,,,,,,,,,,,,,,,,,,,,,,,,,,,,,,1.7,8.5,9.94,12.1,10.85,10.17,10.02,8.99,8.93,6.93,6.56,5.67,5.61,5.79,5.83,7.19,7.49,7.41,7.82,10.03,11.17,11.03,11,10.18,7.73,6.81,5.11,4.16,3.71,3.42,4.25,4.05,
IBRD only,IBD,"Unemployment, total (% of total labor force) (national estimate)",SL.UEM.TOTL.NE.ZS,,,,,,,,,,,,,,,,,,,,,,,,,,,,,,,,,,,5.0829112,,5.098234129,5.301361571,5.748166388,6.045216656,5.116217218,6.100161837,6.632266893,6.462693372,6.327231911,6.862134378,5.960072055,5.674437463,5.657740763,5.94254766,4.943030554,5.541143679,4.880394314,5.278506097,5.340903947,,,5.563371796,6.281843965,6.126316493,6.908838352,6.40922934,
IDA & IBRD total,IBT,"Unemployment, total (% of total labor force) (national estimate)",SL.UEM.TOTL.NE.ZS,,,,,,,,,,,,,,,,,,,,,,,,,,,,,,,,,,,5.048501891,,,,,,5.135726132,,,,,6.632957362,,,,,4.790612826,,4.806788044,,,,,,6.115805595,6.144725533,6.691101152,6.342121524,
IDA total,IDA,"Unemployment, total (% of total labor force) (national estimate)",SL.UEM.TOTL.NE.ZS,,,,,,,,,,,,,,,,,,,,,,,,,,,,,,,,,,,,,,,,,,,,,,,,,,,,,,,,,,,,,,,
IDA blend,IDB,"Unemployment, total (% of total labor force) (national estimate)",SL.UEM.TOTL.NE.ZS,,,,,,,,,,,,,,,,,,,,,,,,,,,,,,,,,,,,,,,,,,,,,,,,,,,,2.588783726,,3.45861419,3.351513912,4.071211171,,,,7.431610045,,,
Indonesia,IDN,"Unemployment, total (% of total labor force) (national estimate)",SL.UEM.TOTL.NE.ZS,,,,,,,,,,,,,,,,,1.92,1.29,2.48,,1.66,,2.85,,,2.1,2.59,2.55,2.74,,2.54,2.62,2.73,2.78,4.37,,4.86,4.68,5.46,6.36,6.08,6.08,6.6,6.66,7.3,7.94,7.55,8.06,7.21,6.11,5.61,5.15,4.47,4.34,4.05,4.51,4.3,3.78,4.39,3.59,4.25,3.83,3.46
IDA only,IDX,"Unemployment, total (% of total labor force) (national estimate)",SL.UEM.TOTL.NE.ZS,,,,,,,,,,,,,,,,,,,,,,,,,,,,,,,,,,,,,,,,,,,,,,,,,,,,,,,,,,,,,,,
Isle of Man,IMN,"Unemployment, total (% of total labor force) (national estimate)",SL.UEM.TOTL.NE.ZS,,,,,,,,,,,,,,,,3.1,3.5,3.7,3.1,2.3,2.9,4.6,5.9,7.1,7.4,8,7.7,5.8,3.3,2,2.1,4.1,4.3,4.9,4.7,4.4,3.54,,,0.8,0.6,1.6,0.5,0.8,1,1.4,2.42,1.4,1.4,,,3.31,,2.6,1.98,,2.67,,,,,,
India,IND,"Unemployment, total (% of total labor force) (national estimate)",SL.UEM.TOTL.NE.ZS,,,,,,,,,,,,,,,,,,,,,,,,,,,,,,,,,,,6.83,,,,,,2.73,,,,,8.7,,,,,3.12,,3.22,,,,,,7.65,6.51,7.86,6.38,4.82
Not classified,INX,"Unemployment, total (% of total labor force) (national estimate)",SL.UEM.TOTL.NE.ZS,,,,,,,,,,,,,,,,,,,,,,,,,,,,,,,,,,,,,,,,,,,,,,,,,,,,,,,,,,,,,,,
Ireland,IRL,"Unemployment, total (% of total labor force) (national estimate)",SL.UEM.TOTL.NE.ZS,,,,,,,,,,,,,,,,,,,,,,,,14.76,16.44,17.92,18.02,18.06,17.43,16.09,14.08,15.77,15.02,15.57,14.54,11.97,11.69,10.19,7.7,5.8,4.32,3.68,4.22,4.48,4.49,4.34,4.41,4.98,6.77,12.61,14.53,15.35,15.45,13.73,11.86,9.91,8.37,6.71,5.74,4.95,5.62,6.19,
"Iran, Islamic Rep.",IRN,"Unemployment, total (% of total labor force) (national estimate)",SL.UEM.TOTL.NE.ZS,,,,,,,,,,,,,,,,,,,,,,,,,,,14.2,,,,,11.1,,,,,9.1,,,,,,12.8,,10.3,11.81,11.52,10.77,10.63,12.11,13.68,12.49,12.27,10.6,10.68,11.17,12.62,12.23,12.19,10.74,9.69,9.28,
Iraq,IRQ,"Unemployment, total (% of total labor force) (national estimate)",SL.UEM.TOTL.NE.ZS,,,,,,,,,,,,,,,,,,,,,,,,,,,,,,,,,,,,,,,,,,,,,,,,8.65,,,,,7.96,,10.59,,10.82,13.02,,,,16.17,
Iceland,ISL,"Unemployment, total (% of total labor force) (national estimate)",SL.UEM.TOTL.NE.ZS,,,,,,,,,,,,,,,,,,,,,,,,,,,,,,,,,,,,5.2,3.6,3.72,3.07,2.18,1.94,1.87,2.99,4,4.03,2.55,2.83,2.25,2.95,7.22,7.56,7.03,6,5.38,4.9,3.98,2.98,2.74,2.7,3.51,5.48,6.02,
Israel,ISR,"Unemployment, total (% of total labor force) (national estimate)",SL.UEM.TOTL.NE.ZS,,,,,,,,,,4.47,3.82,3.46,2.7,2.64,3.05,,3.47,,3.42,2.78,4.59,4.92,4.81,4.32,5.69,6.33,,,,,12.24,13.39,14.08,12.74,9.93,8.78,8.46,9.75,10.75,11.18,11.1,11.81,12.89,13.51,13.03,11.34,10.71,9.38,7.7,9.53,8.48,7.14,6.76,6.14,5.79,5.18,4.72,4.14,3.92,3.73,4.17,4.81,
Italy,ITA,"Unemployment, total (% of total labor force) (national estimate)",SL.UEM.TOTL.NE.ZS,,,,,,,,,,,5.44,5.44,6.39,6.37,5.38,5.82,6.64,7.12,7.24,7.64,7.53,,9.03,8.53,9.4,9.4,10.53,10.72,10.97,10.99,9.78,10.1,9.32,10.21,11.09,11.66,11.86,11.98,12.12,11.68,10.83,9.6,9.21,8.87,7.87,7.73,6.78,6.08,6.72,7.75,8.36,8.36,10.65,12.15,12.68,11.9,11.69,11.21,10.61,9.95,9.16,9.5,
Jamaica,JAM,"Unemployment, total (% of total labor force) (national estimate)",SL.UEM.TOTL.NE.ZS,,,,,,,,,,17.58,,,23.18,22.11,20.5,19.65,21.81,,23.72,,35.51,25,26.7,,,33.39,,,23.03,,15.72,15.74,15.75,16.32,15.34,16.23,16.01,16.35,15.5,15.74,15.54,14.93,14.19,11.73,12.21,11.26,10.32,9.75,6.67,7.31,7.63,8.03,8.69,9.7,9.05,13.51,8.63,7.4,5.47,4.99,6.5,8.35,
Jordan,JOR,"Unemployment, total (% of total labor force) (national estimate)",SL.UEM.TOTL.NE.ZS,,,,,,,,,,,,,,,,,,,,,,,,6.6,,,13.3,14.8,,,,,,19.7,,14.6,13.7,,,,13.7,14.7,15.3,14.5,,14.8,14,13.1,12.7,12.9,12.5,12.9,12.2,12.6,11.9,13.08,15.28,18.12,18.26,16.8,19.21,19.84,
Japan,JPN,"Unemployment, total (% of total labor force) (national estimate)",SL.UEM.TOTL.NE.ZS,1.7,1.4,1.3,1.3,1.1,1.2,1.3,1.3,1.2,1.1,1.1,1.2,1.4,1.3,1.4,1.9,2,2,2.2,2.1,2,2.2,2.4,2.6,2.7,2.6,2.8,2.8,2.5,2.3,2.1,2.06,2.16,2.54,2.89,3.15,3.38,3.37,4.08,4.68,4.75,5.02,5.39,5.25,4.73,4.45,4.19,3.89,4,5.07,5.1,4.55,4.36,4.04,3.59,3.39,3.13,2.82,2.47,2.35,2.81,2.83,2.6
Kazakhstan,KAZ,"Unemployment, total (% of total labor force) (national estimate)",SL.UEM.TOTL.NE.ZS,,,,,,,,,,,,,,,,,,,,,,,,,,,,,,,,0.05,0.4,1.11,7.54,10.98,12.96,13.01,13.13,13.46,12.75,10.43,9.33,8.78,8.4,8.13,7.79,7.26,6.63,6.55,5.77,5.39,5.29,5.2,5.06,4.93,4.96,4.9,4.85,4.8,4.89,,
Kenya,KEN,"Unemployment, total (% of total labor force) (national estimate)",SL.UEM.TOTL.NE.ZS,,,,,,,,,,,,,,,,,,,,,,,,,,,,,,,,,,,,,,,,10,,,,,,9.96,9.96,,,9.6,,,,,,,2.76,,,5.01,,,
Kyrgyz Republic,KGZ,"Unemployment, total (% of total labor force) (national estimate)",SL.UEM.TOTL.NE.ZS,,,,,,,,,,,,,,,,,,,,,,,,,,,,,,,,,,,,,,,,,7.54,7.84,12.55,9.92,8.53,8.11,8.27,8.1,8.22,8.41,6.01,5.82,4.67,4.3,4.05,3.36,3.25,2.65,3.67,4.25,4.63,4.1,
Cambodia,KHM,"Unemployment, total (% of total labor force) (national estimate)",SL.UEM.TOTL.NE.ZS,,,,,,,,,,,,,,,,,,,,,,,,,,,,,,,,,,,,,0.96,0.64,,0.04,2.76,2.06,,0.91,7.53,,,1.26,0.82,0.58,0.77,0.58,1.28,0.44,0.69,0.39,0.72,0.14,,0.5,,,
Kiribati,KIR,"Unemployment, total (% of total labor force) (national estimate)",SL.UEM.TOTL.NE.ZS,,,,,,,,,,,,,,,,,,,,,,,,,,,,,,,,,,,,,,,,,,,,,,14.65,,,,,30.58,,,,,9.33,,,,8.56,10.97,,
St. Kitts and Nevis,KNA,"Unemployment, total (% of total labor force) (national estimate)",SL.UEM.TOTL.NE.ZS,,,,,,,,,,,,,,,,,,,,,9.83,,,,,,,,,,,5.14,,,,,,,,,,5.12,,,,,,,,,,,,,,,,,,,,,
"Korea, Rep.",KOR,"Unemployment, total (% of total labor force) (national estimate)",SL.UEM.TOTL.NE.ZS,,,,,,,,,,4.86,4.51,4.57,4.59,4.04,4.15,4.18,3.81,3.81,3.17,3.81,5.2,4.51,4.36,4.07,3.8,3.98,3.81,3.09,2.52,2.57,2.45,2.41,2.51,2.88,2.48,2.06,2.05,2.61,6.96,6.34,4.06,3.7,3.05,3.35,3.42,3.48,3.25,3.01,2.96,3.36,3.32,2.99,2.81,2.75,3.08,3.55,3.65,3.65,3.82,3.75,3.93,3.64,2.86
Kuwait,KWT,"Unemployment, total (% of total labor force) (national estimate)",SL.UEM.TOTL.NE.ZS,,,,,,,,,,,,,,,,,,,,,,,,1.02,,,,,1.91,,,,,0.8,0.7,,0.7,0.7,0.7,0.7,0.8,0.8,1.1,1.3,1.7,1.95,1.3,1.5,1.75,1.64,1.82,,,,2.9,2.2,2.16,,,,,,
Latin America & Caribbean (excluding high income),LAC,"Unemployment, total (% of total labor force) (national estimate)",SL.UEM.TOTL.NE.ZS,,,,,,,,,,,,,,,,,,,,,,,,,,,,,,,,,6.294062969,6.44380885,,8.335845314,8.661421627,8.501413778,9.129130082,9.874891864,,9.121493289,9.321793686,8.90059431,8.328040799,8.115062618,7.031872486,7.305006811,6.678269766,7.722906148,,6.531572188,6.379054495,6.169226378,5.964380472,6.523018981,7.764550436,8.104354564,7.979735466,8.18392807,10.56511421,9.546334427,7.627443536
Lao PDR,LAO,"Unemployment, total (% of total labor force) (national estimate)",SL.UEM.TOTL.NE.ZS,,,,,,,,,,,,,,,,,,,,,,,,,,,,,,,,,,,,2.6,,,,,,,,,,1.35,,,,,0.71,,,,,,,3.27,,,,,
Lebanon,LBN,"Unemployment, total (% of total labor force) (national estimate)",SL.UEM.TOTL.NE.ZS,,,,,,,,,,,,,,,,,,,,,,,,,,,,,,,,,,,,,,8.62,,,,,,,7.85,,,8.98,,6.35,,,,,,,,,,11.3,,,
Liberia,LBR,"Unemployment, total (% of total labor force) (national estimate)",SL.UEM.TOTL.NE.ZS,,,,,,,,,,,,,,,,,,,,,,,,,,,,,,,,,,,,,,,,,,,,,,,,,,,2.27,,,,2.08,,3.08,5.95,,,,,
Libya,LBY,"Unemployment, total (% of total labor force) (national estimate)",SL.UEM.TOTL.NE.ZS,,,,,,,,,,,,,,,,,,,,,,,,,,,,,,,,,,,,,,,,,,,,,,,,,,,,,19.03,,,,,,,,,,
St. Lucia,LCA,"Unemployment, total (% of total labor force) (national estimate)",SL.UEM.TOTL.NE.ZS,,,,,,,,,,,,,,,,,,,,,,,,,,,,,,,,,,16.8,17,15.83,16.33,20.47,21.6,18.09,16.49,,20.39,22.18,20.97,18.7,16,14,12.72,15.37,,18.86,19.06,22.21,,,,18.89,19.12,15.34,20.41,19.58,15.77
Latin America & Caribbean,LCN,"Unemployment, total (% of total labor force) (national estimate)",SL.UEM.TOTL.NE.ZS,,,,,,,,,,,,,,,,,,,,,,,,,,,,,,,,,6.458877134,6.582746236,,8.443885799,8.900413347,8.5755615,9.150364298,9.953570317,,9.236379902,9.792722316,9.406798771,8.451695026,8.332053399,7.241456072,7.362096272,6.753970448,7.779112685,,6.598889756,6.418056835,6.194224922,6.014768053,6.533749145,7.600245106,7.926132539,7.95221182,8.139604495,10.50133744,9.522059281,
Least developed countries: UN classification,LDC,"Unemployment, total (% of total labor force) (national estimate)",SL.UEM.TOTL.NE.ZS,,,,,,,,,,,,,,,,,,,,,,,,,,,,,,,,,,,,,,,,,,,,,,,,,,,,,,,,,,,,,,,
Low income,LIC,"Unemployment, total (% of total labor force) (national estimate)",SL.UEM.TOTL.NE.ZS,,,,,,,,,,,,,,,,,,,,,,,,,,,,,,,,,,,,,,,,,,,,,,,,,,,,,,,,,,,,,,,
Liechtenstein,LIE,"Unemployment, total (% of total labor force) (national estimate)",SL.UEM.TOTL.NE.ZS,,,,,,,,,,,,,,,,,,,,,,,,,,,,,,,0.15,0.52,0.76,1.36,1.02,0.9,1.6,1.34,1.78,1.78,1.27,1.12,1.45,2.11,2.4,2.66,2.46,2.01,,,,,,,,,,,,,,,
Sri Lanka,LKA,"Unemployment, total (% of total labor force) (national estimate)",SL.UEM.TOTL.NE.ZS,,,,,,,,,,,,,,,,,,,,,,,,,,,,,,,15.9,14.66,14.22,13.82,13.03,12.27,11.35,10.6,9.17,8.88,7.74,7.9,8.76,8.22,8.38,7.67,6.5,5.97,5.22,5.85,4.78,4.12,3.88,4.24,4.19,4.52,4.24,4.05,4.32,4.67,5.36,,
Lower middle income,LMC,"Unemployment, total (% of total labor force) (national estimate)",SL.UEM.TOTL.NE.ZS,,,,,,,,,,,,,,,,,,,,,,,,,,,,,,,,,,,,,,,,,4.717949915,,,,,8.125016004,,,,,3.86360206,,4.264932788,,,,,,6.605618611,6.323434722,6.840226071,6.468988976,
Low & middle income,LMY,"Unemployment, total (% of total labor force) (national estimate)",SL.UEM.TOTL.NE.ZS,,,,,,,,,,,,,,,,,,,,,,,,,,,,,,,,,,,4.867918948,,,,,,4.972912596,,,,,6.487302956,,,,,4.705853988,,4.73017517,,,,,,6.134050111,6.178456913,6.703431651,6.362648759,
Lesotho,LSO,"Unemployment, total (% of total labor force) (national estimate)",SL.UEM.TOTL.NE.ZS,,,,,,,,,,,,,,,,,,,,,,,,,,,10,,,,,,,,,,,37.94,,27.27,,,,,,,,,35.46,,,,,24.58,,,,,,16.88,,,
Late-demographic dividend,LTE,"Unemployment, total (% of total labor force) (national estimate)",SL.UEM.TOTL.NE.ZS,,,,,,,,,,,,,,,,,,,,,,,,,,,,,,,2.993460802,2.859165787,3.352462729,3.745322196,3.914685485,4.488646846,4.533372396,4.823845781,5.078261001,5.361652289,4.722025541,5.331881517,5.62386253,5.715514346,5.52802306,5.552566345,5.214437953,4.908112756,5.054332234,5.342373296,4.695746614,4.855407856,4.749886364,4.682947345,4.623030904,,,4.889694319,5.431018895,5.566352549,6.246483718,5.877918689,
Lithuania,LTU,"Unemployment, total (% of total labor force) (national estimate)",SL.UEM.TOTL.NE.ZS,,,,,,,,,,,,,,,,,,,,,,,,,,,,,,,,,,,17.33,17.54,16.4,14.13,13.71,13.39,15.93,16.84,13.01,12.87,10.68,8.32,5.78,4.25,5.83,13.79,17.81,15.39,13.36,11.77,10.7,9.12,7.86,7.07,6.15,6.26,8.49,7.11,
Luxembourg,LUX,"Unemployment, total (% of total labor force) (national estimate)",SL.UEM.TOTL.NE.ZS,,,,,,,,,,,,,,,,,,,,,,,,3.2,2.63,2.96,2.63,2.47,2,1.59,1.61,1.48,2.03,2.33,3.48,2.92,3.29,2.53,2.76,2.39,2.35,1.81,2.62,3.68,5.11,4.49,4.73,4.07,5.06,5.12,4.36,4.9,5.14,5.85,5.85,6.67,6.29,5.52,5.59,5.59,6.77,5.25,
Latvia,LVA,"Unemployment, total (% of total labor force) (national estimate)",SL.UEM.TOTL.NE.ZS,,,,,,,,,,,,,,,,,,,,,,,,,,,,,,,,,,,,,20.93,14.9,14.45,13.79,14.21,13.82,13.83,12.06,11.71,10.03,7.03,6.05,7.74,17.51,19.48,16.21,15.05,11.87,10.85,9.87,9.64,8.72,7.41,6.31,8.1,7.51,
"Macao SAR, China",MAC,"Unemployment, total (% of total labor force) (national estimate)",SL.UEM.TOTL.NE.ZS,,,,,,,,,,,,,,,,,,,,,,,,,,,,,,,,3.01,2.2,2.06,2.48,3.58,4.25,3.26,4.61,6.35,6.87,6.39,6.27,6,4.9,4.16,3.82,3.27,3,3.58,2.84,2.56,1.97,1.82,1.67,1.81,1.94,1.99,1.83,1.75,2.57,,
St. Martin (French part),MAF,"Unemployment, total (% of total labor force) (national estimate)",SL.UEM.TOTL.NE.ZS,,,,,,,,,,,,,,,,,,,,,,,,,,,,,,,,,,,,,,,,,,,,,,,,,,,,,,,,,,,,,,,
Morocco,MAR,"Unemployment, total (% of total labor force) (national estimate)",SL.UEM.TOTL.NE.ZS,,,,,,,,,,,,,,,,,,,,,,,,,,,,14.7,13.9,16.3,15.8,16.98,15.68,15.69,,22.86,17.76,16.67,19.12,13.94,13.58,12.46,11.59,11.92,10.83,11.01,9.67,9.56,9.57,8.96,9.09,8.91,8.99,9.23,9.7,9.46,9.3,,,,,12.28,
Monaco,MCO,"Unemployment, total (% of total labor force) (national estimate)",SL.UEM.TOTL.NE.ZS,,,,,,,,,,,,,,,,,,,,,,,,,,,,,,,,,,,,,,,,,3.6,,,,,,,,,,,,,,,,6.33,,,,,,
Moldova,MDA,"Unemployment, total (% of total labor force) (national estimate)",SL.UEM.TOTL.NE.ZS,,,,,,,,,,,,,,,,,,,,,,,,,,,,,,,,,,,,,,,,11.14,8.54,7.37,6.84,6.38,6.37,5.63,4.26,2.75,2.1,3.02,2.97,2.68,2.19,1.89,1.45,1.78,1.59,1.62,1.24,1.5,1.21,0.79,0.91
Madagascar,MDG,"Unemployment, total (% of total labor force) (national estimate)",SL.UEM.TOTL.NE.ZS,,,,,,,,,,,,,,,,,,,,,,,,,,,,,,,,,,,,,,,,,5.8,5.35,,5.01,,2.62,,,,,4.28,,0.6,,,1.79,,,,,,,
Maldives,MDV,"Unemployment, total (% of total labor force) (national estimate)",SL.UEM.TOTL.NE.ZS,,,,,,,,,,,,,,,,,,,,,,,,,,,,,,,,,,,,0.79,,,,,1.97,,,,,,,,,11.7,,,,,3.85,,5.77,,,4.56,,,
Middle East & North Africa,MEA,"Unemployment, total (% of total labor force) (national estimate)",SL.UEM.TOTL.NE.ZS,,,,,,,,,,,,,,,,,,,,,,,,,,,,,,,,12.42561599,,,,,,,,,,,12.74120058,,11.21160208,11.33222867,10.57668169,9.849553284,9.537895373,9.749861957,10.15959122,,10.80849161,10.50772332,10.55446227,10.55111672,10.09236293,10.75518281,,,,9.040727732,
Mexico,MEX,"Unemployment, total (% of total labor force) (national estimate)",SL.UEM.TOTL.NE.ZS,,,,,,,,,,,,,,,,,,,,,,,,,,,,,1.76,,,3.15,3.24,3.37,4.44,7.1,5.47,4.24,3.73,2.6,2.65,2.63,3,3.46,3.94,3.56,3.57,3.63,3.87,5.36,5.3,5.17,4.89,4.91,4.81,4.31,3.85,3.42,3.27,3.48,4.44,4.09,3.26
Marshall Islands,MHL,"Unemployment, total (% of total labor force) (national estimate)",SL.UEM.TOTL.NE.ZS,,,,,,,,,,,,,,,,,,,,,9.73,,,,,,,,12.47,,,,,,,,,,,,,,,,,25.37,,,,,,4.74,,,,,,,,6.34,,,
Middle income,MIC,"Unemployment, total (% of total labor force) (national estimate)",SL.UEM.TOTL.NE.ZS,,,,,,,,,,,,,,,,,,,,,,,,,,,,,,,,,,,4.888162823,,,,,,4.96935741,,,,,6.643120729,,,,5.653404179,4.655479008,5.179839606,4.779554044,4.976831656,5.048146934,,,5.528191168,6.161103278,6.154418489,6.796287665,6.430904881,
North Macedonia,MKD,"Unemployment, total (% of total labor force) (national estimate)",SL.UEM.TOTL.NE.ZS,,,,,,,,,,,,,,,,,,,,,,,22,20.9,21.1,21.6,21.7,21.5,21.4,22.6,23.6,24.5,26.3,27.7,30,35.6,38.8,36,34.5,32.4,32.2,30.52,31.94,36.69,37.16,37.32,36.39,35.23,33.93,32.35,33.13,31.5,31.2,29.14,28.38,26.43,24.3,22.81,21.2,17.39,16.55,15.78,14.43
Mali,MLI,"Unemployment, total (% of total labor force) (national estimate)",SL.UEM.TOTL.NE.ZS,,,,,,,,,,,,,,,,,,,,,,,,,,,,,,,,,,,,,,3.3,,,,,,,8.75,,,11.71,,,8.07,6.9,,6.35,6.38,7.73,1.37,7.41,1.62,,3.53,,
Malta,MLT,"Unemployment, total (% of total labor force) (national estimate)",SL.UEM.TOTL.NE.ZS,,,,,,,,,,,,,,,,,,,,,,,,8.5,,8.1,6.8,4.4,4,3.7,3.9,3.6,4,4.5,4.1,3.7,4.4,5,5.1,5.3,6.32,7.11,6.9,7.49,7.32,6.92,6.8,6.47,5.98,6.89,6.85,6.38,6.2,6.11,5.72,5.38,4.69,4,3.66,3.62,4.35,3.39,
Myanmar,MMR,"Unemployment, total (% of total labor force) (national estimate)",SL.UEM.TOTL.NE.ZS,,,,,,,,,,,,,,,,,,,,,,,,,,,,,,,6,,,,,,,,,,,,,,,,,,,,,,,,,0.77,,1.36,0.77,0.41,1.48,,
Middle East & North Africa (excluding high income),MNA,"Unemployment, total (% of total labor force) (national estimate)",SL.UEM.TOTL.NE.ZS,,,,,,,,,,,,,,,,,,,,,,,,,,,,,,,,12.41080148,,,,,,,,,,,13.71169601,,11.93243637,12.33613857,11.24163387,10.49492885,10.44646384,10.54312957,11.11179455,11.76888916,11.87572149,11.61445141,11.67284934,11.98874517,12.02301042,12.66755737,,,,10.54839043,
Montenegro,MNE,"Unemployment, total (% of total labor force) (national estimate)",SL.UEM.TOTL.NE.ZS,,,,,,,,,,,,,,,,,,,,,,,,,,,,,,,,,,,,,,,,,,,,,,30.31,,19.4,17.15,19.09,19.65,19.76,19.81,19.59,18.05,17.55,17.73,16.08,15.19,15.13,17.88,,
Mongolia,MNG,"Unemployment, total (% of total labor force) (national estimate)",SL.UEM.TOTL.NE.ZS,,,,,,,,,,,,,,,,,,,,,,,,,,,,,,,,,,,,5.5,,,,,,,6.2,6.77,,,7.19,7.2,5.56,5.86,6.55,4.77,3.9,4.23,4.8,4.86,7.24,6.36,5.38,9.27,6.59,7.75,
Northern Mariana Islands,MNP,"Unemployment, total (% of total labor force) (national estimate)",SL.UEM.TOTL.NE.ZS,,,,,,,,,,,,,,,,,,,,,,,,,11.75,9.91,,,,,,,,,,,,,,,3.83,,,4.57,,8.22,,,,,11.17,,,,,,,,,,,,
Mozambique,MOZ,"Unemployment, total (% of total labor force) (national estimate)",SL.UEM.TOTL.NE.ZS,,,,,,,,,,,,,,,,,,,,,,,,,,,,,,,,,,,,,,2.7,,,,,,,,,,,,,,,,,,3.43,,,,,,,
Mauritania,MRT,"Unemployment, total (% of total labor force) (national estimate)",SL.UEM.TOTL.NE.ZS,,,,,,,,,,,,,,,,,,14.14,,,,,,,,,,,25.8,,,,,,,,,,,,,,,,,,,,,,,,9.86,,,,,10.34,,10.42,,,
Mauritius,MUS,"Unemployment, total (% of total labor force) (national estimate)",SL.UEM.TOTL.NE.ZS,,,,,,,,,,,,,,,,,,,,,,,,,,,,,,,,,,,,9.59,,,,,,9.14,8.2,5.9,8.34,9.52,9.04,8.48,7.17,7.26,7.65,7.45,7.47,7.32,7.47,7.41,6.81,6.75,6.43,6.33,8.63,8.2,
Malawi,MWI,"Unemployment, total (% of total labor force) (national estimate)",SL.UEM.TOTL.NE.ZS,,,,,,,,,,,,,,,,,,,,,,,,5.4,,,,,,,,,,,,,,,,,,,,,,0.94,,,,,,1.74,,4.98,,,,3.54,,,0.91,,
Malaysia,MYS,"Unemployment, total (% of total labor force) (national estimate)",SL.UEM.TOTL.NE.ZS,,,,,,,,,,,,,,,,,,,,,,,3.4,3.8,5.84,6.92,8.29,7.33,7.26,5.73,4.5,,3.71,4.11,,3.15,2.52,2.45,3.2,3.43,3,3.53,3.48,3.61,3.54,3.53,,3.23,3.32,3.66,3.39,3.05,3.1,3.16,2.88,3.1,3.44,3.41,3.3,3.26,4.54,,
North America,NAC,"Unemployment, total (% of total labor force) (national estimate)",SL.UEM.TOTL.NE.ZS,,,,,,,,,,,,,,,,,,,,,,,,,,,,,,,5.862509238,7.164189487,7.876760469,7.354258819,6.550999189,6.034258698,5.865515681,5.4076601,4.886160917,4.556566563,4.275068772,4.982147731,5.974202786,6.155869832,5.70485535,5.256235461,4.798061651,4.770117029,5.818193251,9.152951658,9.460970698,8.793867941,7.985245757,7.337158542,6.250915823,5.457974015,5.102217148,4.576640376,4.111494166,3.889895237,8.205089914,5.586315824,3.830325801
Namibia,NAM,"Unemployment, total (% of total labor force) (national estimate)",SL.UEM.TOTL.NE.ZS,,,,,,,,,,,,,,,,,,,,,,,,,,,,,,,,19.14,,,19.4,,,24.45,,,20.3,,,,22.09,,,,,,22.12,,16.77,19.03,18.52,,23.35,,19.88,,,,
New Caledonia,NCL,"Unemployment, total (% of total labor force) (national estimate)",SL.UEM.TOTL.NE.ZS,,,,,,,,,,,,,,,,,,,,,,,,,,,,,,,,,,,,,18.64,,,,,,,,16.31,,,,,13.97,,,,,14.59,,,11.68,11.7,10.88,13.56,,
Niger,NER,"Unemployment, total (% of total labor force) (national estimate)",SL.UEM.TOTL.NE.ZS,,,,,,,,,,,,,,,,,,,,,,,,,,,,,,,,,,,,,,,,,,1.47,,,,3.1,,,,,,0.32,2.18,,0.52,,,7.77,,,,,
Nigeria,NGA,"Unemployment, total (% of total labor force) (national estimate)",SL.UEM.TOTL.NE.ZS,,,,,,,,,,,,,,,,,,,,,,,,,,,3.94,,,,,,,,,,,,,,,,,,,,,,,,,3.77,,3.71,4.56,4.31,7.06,8.39,,10.7,,,
Nicaragua,NIC,"Unemployment, total (% of total labor force) (national estimate)",SL.UEM.TOTL.NE.ZS,,,,,,,,,,,,,,,,,,,,,,,,,,3.2,4.7,5.8,6,8.66,,,,,,,,,,,,4.12,,7.6,6.41,5.37,5.31,4.89,6.2,8.16,7.83,,5.21,5.28,4.52,4.7,3.9,3.3,5.2,,,,
Netherlands,NLD,"Unemployment, total (% of total labor force) (national estimate)",SL.UEM.TOTL.NE.ZS,,,,,,,,,,,,,,,,6,,5.88,,6.16,,7.92,,11.85,,10.48,,9.9,9.37,8.7,7.67,7.28,5.56,6.29,7.16,7.16,6.42,5.51,4.39,3.62,2.73,2.12,2.55,3.59,4.65,5.87,5,4.15,3.65,4.35,4.99,4.98,5.82,7.24,7.42,6.87,6.01,4.84,3.83,3.38,3.82,4.21,
Norway,NOR,"Unemployment, total (% of total labor force) (national estimate)",SL.UEM.TOTL.NE.ZS,,,,,,,,,,,,,1.67,1.55,1.48,2.29,1.76,1.46,1.8,1.99,1.65,2.03,1.7,2.04,2.9,2.32,1.79,2.03,3.02,4.83,5.23,5.47,5.92,5.94,5.42,6.31,5.04,4.69,3.74,3.25,3.46,3.74,4.02,4.22,4.26,4.38,3.4,2.49,2.55,3.1,3.52,3.21,3.12,3.42,3.48,4.3,4.68,4.16,3.8,3.69,4.42,4.37,
Nepal,NPL,"Unemployment, total (% of total labor force) (national estimate)",SL.UEM.TOTL.NE.ZS,,,,,,,,,,,,,,,,,,,,,,,,,,,,,,,,,,,,,4.5,,,1.85,,,,,,,,,1.33,,,,,,,3.1,,10.66,,,,,
Nauru,NRU,"Unemployment, total (% of total labor force) (national estimate)",SL.UEM.TOTL.NE.ZS,,,,,,,,,,,,,,,,,,,,,,,,,,,,,,,,,,,,,,,,,,,22.76,,,,,,,,,22.96,,13.28,,,,,,,,,
New Zealand,NZL,"Unemployment, total (% of total labor force) (national estimate)",SL.UEM.TOTL.NE.ZS,,,,,,,,,,,,,,,,,,,,,,,,,,,4.19,4.21,5.77,7.31,7.98,10.61,10.67,9.8,8.35,6.46,6.29,6.86,7.72,7.02,6.13,5.43,5.28,4.75,4.01,3.81,3.86,3.66,4.17,6.12,6.56,6.49,6.93,5.84,5.43,5.42,5.15,4.74,4.34,4.11,4.6,3.78,
OECD members,OED,"Unemployment, total (% of total labor force) (national estimate)",SL.UEM.TOTL.NE.ZS,,,,,,,,,,,,,,,,,,,,,,,,,,,,,,,5.956480952,6.53143495,7.000759072,7.636720463,7.749341673,7.542870589,7.516176853,7.232720671,7.203787701,7.170538697,6.769868945,6.628531517,7.138689174,7.263710075,7.181437673,6.823407476,6.11055803,5.819272798,6.141680691,8.293088645,8.44603636,8.055224367,8.037396742,7.927182179,7.399622991,6.85311854,6.437894674,5.908376176,5.473299197,5.396332212,7.275136768,6.268265345,
Oman,OMN,"Unemployment, total (% of total labor force) (national estimate)",SL.UEM.TOTL.NE.ZS,,,,,,,,,,,,,,,,,,,,,,,,,,,,,,,,,,,,,,,,,,,,,,,,,4.14,,,,,,,,3.27,,1.8,,2.94,1.9,
Other small states,OSS,"Unemployment, total (% of total labor force) (national estimate)",SL.UEM.TOTL.NE.ZS,,,,,,,,,,,,,,,,,,,,,,,,,,,,,,,,,,,,,,,,,,,,,,,,,,,,,,,,,,,,,,,
Pakistan,PAK,"Unemployment, total (% of total labor force) (national estimate)",SL.UEM.TOTL.NE.ZS,,,,,,,,,,,,2.09,2.15,2,1.67,1.7,1.9,1.9,4.18,4.12,4.01,3.82,3.82,4.3,4.16,3.97,3.97,3.05,2.16,2.03,1.97,5.85,5.18,4.28,4.26,5.03,4.79,5.81,5.7,5.35,7.16,6.88,7.83,7.49,7.4,7.05,0.58,0.4,0.42,0.54,0.65,0.8,,2.95,1.83,3.57,,,4.08,4.83,,6.34,
Panama,PAN,"Unemployment, total (% of total labor force) (national estimate)",SL.UEM.TOTL.NE.ZS,,,,,,,,,,,7.1,7.6,6.79,6.99,5.8,6.41,6.67,8.73,8.06,8.78,,,8.41,9.71,10.08,12.34,10.53,11.84,16.33,16.31,11.6,16.12,14.67,13.26,14,14.01,14.32,13.37,14.02,11.75,13.53,14.71,14.11,13.62,12.44,10.33,9.11,6.78,4.87,6.56,5.83,3.92,3.71,3.73,4.44,4.4,4.84,5.46,5.31,6.41,18.55,10.29,8.28
Peru,PER,"Unemployment, total (% of total labor force) (national estimate)",SL.UEM.TOTL.NE.ZS,,,,,,,,,,5.9,4.84,4.57,4.4,4.23,4,4.92,5.2,5.82,6.5,7.12,6.97,6.77,6.98,9.2,10.5,11.79,5.32,3.63,,7.92,8.6,5.8,9.4,9.87,,,7.07,7.69,7.75,7.99,7.8,7.88,4.84,4.15,4.71,4.87,4.17,4.08,4.03,3.96,3.6,3.48,3.24,3.57,3.21,3.27,3.74,3.69,3.49,3.38,7.18,5.1,
Philippines,PHL,"Unemployment, total (% of total labor force) (national estimate)",SL.UEM.TOTL.NE.ZS,,,,,,,,,,6.7,,5.28,5.36,4.77,3.21,3.83,4.8,4.47,4,3.5,4.75,5.36,5.5,4.89,7.03,6.07,6.43,9.1,8.34,8.42,8.13,10.6,9.87,9.29,9.48,9.53,8.56,8.78,10.25,9.81,11.19,3.7,,3.53,3.55,3.8,4.05,3.43,3.72,3.86,3.61,3.59,3.5,3.5,3.6,3.07,2.7,2.55,2.34,2.24,2.52,3.4,
Palau,PLW,"Unemployment, total (% of total labor force) (national estimate)",SL.UEM.TOTL.NE.ZS,,,,,,,,,,,,,,,,,,,,,,,,,,,,,,,7.76,,,,,7.03,,,,,3.3,,,,,4.18,,,,,,,,,1.36,,,,,,0.77,,
Papua New Guinea,PNG,"Unemployment, total (% of total labor force) (national estimate)",SL.UEM.TOTL.NE.ZS,,,,,,,,,,,,,,,,,,,,,,,,,,,,,,,7.7,,,,,,,,,,2.92,,,,,,,,,,2,2.62,,,,,,,,,,,
Poland,POL,"Unemployment, total (% of total labor force) (national estimate)",SL.UEM.TOTL.NE.ZS,,,,,,,,,,,,,,,,,,,,,,,,,,,,,,,,,,14.01,14.44,13.34,12.34,10.96,9.94,12.29,16.31,18.37,19.89,19.37,19.07,17.75,13.84,9.6,7.12,8.17,9.64,9.63,10.09,10.33,8.99,7.5,6.16,4.89,3.85,3.28,3.16,3.36,
Pre-demographic dividend,PRE,"Unemployment, total (% of total labor force) (national estimate)",SL.UEM.TOTL.NE.ZS,,,,,,,,,,,,,,,,,,,,,,,,,,,,,,,,,,,,,,,,,,,,,,,,,,,,,,,,,,,,,,,
Puerto Rico,PRI,"Unemployment, total (% of total labor force) (national estimate)",SL.UEM.TOTL.NE.ZS,,,,,,,,,,,,11.52,11.83,11.61,13.13,,19.65,19.04,16.73,14.53,17.1,17.83,19.91,22.24,20,20.67,19.53,17.01,15.01,14.6,14.52,16.18,16.93,16.91,14.6,13.93,13.64,13.8,13.46,11.81,10.08,11.4,11.94,11.78,10.31,11.35,11.01,10.93,11.48,15,16.1,15.7,14.5,14.3,13.9,12,11.8,10.8,9.2,8.3,,7.9,6
"Korea, Dem. People's Rep.",PRK,"Unemployment, total (% of total labor force) (national estimate)",SL.UEM.TOTL.NE.ZS,,,,,,,,,,,,,,,,,,,,,,,,,,,,,,,,,,,,,,,,,,,,,,,,,,,,,,,,,,,,,,,
Portugal,PRT,"Unemployment, total (% of total labor force) (national estimate)",SL.UEM.TOTL.NE.ZS,,,,,,,,,,,,,,,1.77,4.5,6.4,,7.89,7.94,,,,7.3,,8.18,8.7,7.38,6.01,5.13,4.64,3.92,3.98,5.3,6.71,7.06,7.3,6.57,4.64,4.58,3.81,3.83,4.5,6.13,6.32,7.58,7.65,7.97,7.55,9.43,10.77,12.68,15.53,16.19,13.9,12.45,11.07,8.87,6.99,6.46,6.8,6.58,
Paraguay,PRY,"Unemployment, total (% of total labor force) (national estimate)",SL.UEM.TOTL.NE.ZS,,,,,,,,,,,,,,,,,,,,5.69,4.11,,5.61,8.25,7.33,5.13,6.1,5.51,4.72,5.62,5.8,5.1,4.98,5.06,4.41,3.4,8.15,5.36,4.42,5.34,7.61,6.21,9.39,6.81,6.51,4.82,5.28,4.71,4.42,5.46,4.57,4.67,4.09,4.38,5.03,4.56,5.25,4.61,6.22,6.59,7.55,7.31,6.75
West Bank and Gaza,PSE,"Unemployment, total (% of total labor force) (national estimate)",SL.UEM.TOTL.NE.ZS,,,,,,,,,,,,,,,,,,,,,,,,,,,,,,,,,,,,,,,,,10.63,21.49,27.46,23,23.21,20.02,19.01,18.28,22.91,20.45,21.42,17.6,19.2,19.89,20.53,23,23.94,25.68,26.26,25.34,25.89,26.39,24.42
Pacific island small states,PSS,"Unemployment, total (% of total labor force) (national estimate)",SL.UEM.TOTL.NE.ZS,,,,,,,,,,,,,,,,,,,,,,,,,,,,,,,,,,,,,,,,,,,,,,,,,,5.785054079,,,,,,,,,,,,,
Post-demographic dividend,PST,"Unemployment, total (% of total labor force) (national estimate)",SL.UEM.TOTL.NE.ZS,,,,,,,,,,,,,,,,,,,,,,,,,,,,,,,5.731664871,6.519918659,7.067646621,7.578576688,7.577046021,7.169550978,7.303495483,7.166522948,7.220971374,6.964535984,6.38413385,6.26008518,6.632562285,6.720757902,6.520239892,6.240303183,5.893875956,5.48361535,5.824393355,8.035601314,8.332789383,7.97106027,8.029196091,7.91253321,7.38890054,6.823513707,6.404163111,5.835431928,5.300388034,4.974851599,6.897367907,5.888599581,
French Polynesia,PYF,"Unemployment, total (% of total labor force) (national estimate)",SL.UEM.TOTL.NE.ZS,,,,,,,,,,,,,,,,,,,,,,,,,,,,,9.7,,,,,,,,,,,,,,11.71,,,,,11.74,,,,,,,,,,,,,,,
Qatar,QAT,"Unemployment, total (% of total labor force) (national estimate)",SL.UEM.TOTL.NE.ZS,,,,,,,,,,,,,,,,,,,,,,,,,,,,,,,,,,,,,,,,,,,,,1.48,,0.87,0.52,0.31,0.31,0.45,0.56,0.48,0.28,0.2,0.17,0.15,0.14,0.11,0.1,0.14,0.14,
Romania,ROU,"Unemployment, total (% of total labor force) (national estimate)",SL.UEM.TOTL.NE.ZS,,,,,,,,,,,,,,,,,,,,,,,,,,,,,,,,,8.26,,8.17,8.01,6.74,5.52,5.63,6.24,6.97,6.56,8.11,6.95,7.72,7.17,7.27,6.41,5.79,6.86,6.96,7.18,6.79,7.1,6.8,6.81,5.9,4.93,4.19,3.91,5.03,5.59,
Russian Federation,RUS,"Unemployment, total (% of total labor force) (national estimate)",SL.UEM.TOTL.NE.ZS,,,,,,,,,,,,,,,,,,,,,,,,,,,,,,,,,5.18,5.88,8.13,9.45,9.67,11.81,13.26,13.04,10.58,8.98,7.88,8.21,7.76,7.12,7.06,6,6.21,8.3,7.37,6.54,5.44,5.46,5.16,5.57,5.56,5.21,4.85,4.5,5.59,4.72,
Rwanda,RWA,"Unemployment, total (% of total labor force) (national estimate)",SL.UEM.TOTL.NE.ZS,,,,,,,,,,,,,,,,,,,,,,,,,,,,,,0.8,,0.3,,,,,0.56,,,,,,0.89,,,,,,,,,,,,1.17,,,11.88,10.76,11.24,11.83,15.79,
South Asia,SAS,"Unemployment, total (% of total labor force) (national estimate)",SL.UEM.TOTL.NE.ZS,,,,,,,,,,,,,,,,,,,,,,,,,,,,,,,,,,,6.703872969,,,,,,3.258297367,,,,,8.08038323,,,,,2.917292009,,3.206891393,,,,,,7.146758414,6.271859947,7.884250602,6.373748364,4.82
Saudi Arabia,SAU,"Unemployment, total (% of total labor force) (national estimate)",SL.UEM.TOTL.NE.ZS,,,,,,,,,,,,,,,,,,,,,,,,,,,,,,,,,7.2,,,,,,,4.35,4.57,4.62,5.26,5.56,5.82,6.05,6.25,5.73,5.09,5.38,5.55,,5.62,5.6,5.88,5.6,5.6,5.89,6.03,5.64,7.66,6.62,
Sudan,SDN,"Unemployment, total (% of total labor force) (national estimate)",SL.UEM.TOTL.NE.ZS,,,,,,,,,,,,,,,,,,,19.4,,,,,13.2,,12.1,13.11,,,,,,,,,,,,,,,,,,,,,,14.8,13,,17.44,,,,,,,,,,,
Senegal,SEN,"Unemployment, total (% of total labor force) (national estimate)",SL.UEM.TOTL.NE.ZS,,,,,,,,,,,,,,,,,,,,,,,,,,,,,,,,,,,,,,,,,,,5.65,,,,10.03,,,,,10.36,,,,6.76,4.46,4.08,3.57,2.86,,,
Singapore,SGP,"Unemployment, total (% of total labor force) (national estimate)",SL.UEM.TOTL.NE.ZS,,,,,,,,,,,6.06,4.8,4.7,4.51,3.97,4.55,4.48,3.93,2.26,2.12,1.8,1.65,1.5,1.69,2.69,4.27,6.84,5,3.55,2.35,,2.18,3.09,3.07,3.03,3.3,3.57,2.5,3.41,4.85,3.7,3.76,5.65,5.93,5.84,5.59,4.48,3.9,3.96,5.86,4.12,3.89,3.72,3.86,3.74,3.79,4.08,4.2,,3.1,4.1,3.54,
Solomon Islands,SLB,"Unemployment, total (% of total labor force) (national estimate)",SL.UEM.TOTL.NE.ZS,,,,,,,,,,,,,,,,,,,,,,,,,,,,,,,,,,,,,,,,,,,,,,,,,,2.02,,,,0.69,,,,,,,,,
Sierra Leone,SLE,"Unemployment, total (% of total labor force) (national estimate)",SL.UEM.TOTL.NE.ZS,,,,,,,,,,,,,,,,,,,,,,,,,,,,,,,,,,,,,,,,,,,,3.88,3.42,,,,,,,,,,4.68,,,,3.19,,,,
El Salvador,SLV,"Unemployment, total (% of total labor force) (national estimate)",SL.UEM.TOTL.NE.ZS,,,,,,,,,,,,,,,,,,,3.73,6.79,13.34,,,,,16.95,8.63,,9.37,8.35,9.96,7.53,7.88,9.94,7.68,7.65,7.68,7.98,7.1,7.3,6.96,6.96,6.2,6.9,6.8,7.22,6.57,6.41,5.88,7.33,4.89,4.3,3.84,3.69,4.15,4,4.42,4.39,4.01,4.17,5.01,4.33,
San Marino,SMR,"Unemployment, total (% of total labor force) (national estimate)",SL.UEM.TOTL.NE.ZS,,,,,,,,,,,,,,,,,,,,4.8,5.8,,,,7.2,6.9,6.9,6.2,6,5.3,5.5,4.3,4.2,5.1,3.9,3.9,5.1,4.4,4.1,3,2.8,,,,,2.11,1.63,,,4.02,4.37,5.06,5.19,6.08,6.61,7.38,6.45,7.89,7.83,7.54,7.23,6.34,
Somalia,SOM,"Unemployment, total (% of total labor force) (national estimate)",SL.UEM.TOTL.NE.ZS,,,,,,,,,,,,,,,,,,,,,,,,,,,,,,,,,,,,,,,,,,,,,,,,,,,,,,,,,,,,18.83,,,
Serbia,SRB,"Unemployment, total (% of total labor force) (national estimate)",SL.UEM.TOTL.NE.ZS,,,,,,,,,,,,,,,,,,,,,,,,,,,,,,,,,,,,13.4,13.2,13.8,13.7,13.7,12.6,12.8,13.8,15.2,18.5,20.85,20.85,18.06,13.7,16.14,19.22,22.97,24,22.15,19.22,17.66,15.26,13.48,12.73,10.39,9.01,10.06,
Sub-Saharan Africa (excluding high income),SSA,"Unemployment, total (% of total labor force) (national estimate)",SL.UEM.TOTL.NE.ZS,,,,,,,,,,,,,,,,,,,,,,,,,,,,,,,,,,,,,,,,,,,,,,,,,,,,,,,,,,,,,,,
South Sudan,SSD,"Unemployment, total (% of total labor force) (national estimate)",SL.UEM.TOTL.NE.ZS,,,,,,,,,,,,,,,,,,,,,,,,,,,,,,,,,,,,,,,,,,,,,,,,,12.15,,,,,,,,,,,,,,
Sub-Saharan Africa,SSF,"Unemployment, total (% of total labor force) (national estimate)",SL.UEM.TOTL.NE.ZS,,,,,,,,,,,,,,,,,,,,,,,,,,,,,,,,,,,,,,,,,,,,,,,,,,,,,,,,,,,,,,,
Small states,SST,"Unemployment, total (% of total labor force) (national estimate)",SL.UEM.TOTL.NE.ZS,,,,,,,,,,,,,,,,,,,,,,,,,,,,,,,,,,,,,,,,,,,,,,,,,,,,,,,,,,,,,,,
Sao Tome and Principe,STP,"Unemployment, total (% of total labor force) (national estimate)",SL.UEM.TOTL.NE.ZS,,,,,,,,,,,,,,,,,,,,0.61,0.57,0.7,0.56,0.48,0.34,,,,,,,,,,,,,,,,14.4,15.73,17.63,16.36,16.12,16.47,16.65,,,,,,13.59,,,,,,,,,,
Suriname,SUR,"Unemployment, total (% of total labor force) (national estimate)",SL.UEM.TOTL.NE.ZS,,,,,,,,,,,,,,,,,,,,,,,,,,,16.37,19.53,,15.51,15.65,,17.28,15.64,12.7,8.39,10.88,10.56,10.63,13.6,,,,,9.49,,,,,8.72,7.15,7.54,8.1,6.6,6.94,7.22,7.92,,,,,,
Slovak Republic,SVK,"Unemployment, total (% of total labor force) (national estimate)",SL.UEM.TOTL.NE.ZS,,,,,,,,,,,,,,,,,,,,,,,,,,,,,,,,,,12.2,13.65,13.11,11.34,11.89,12.19,15.94,19.06,19.38,18.72,17.55,18.21,16.28,13.39,11.16,9.51,12.02,14.39,13.63,13.97,14.23,11.54,11.49,9.68,8.14,6.54,5.76,6.72,6.89,
Slovenia,SVN,"Unemployment, total (% of total labor force) (national estimate)",SL.UEM.TOTL.NE.ZS,,,,,,,,,,,,,,,,,,,,,,,,,,,,,,,,7.08,,8.51,8.24,7.15,6.91,6.65,7.39,7.32,6.92,6.39,6.35,6.71,6.33,6.55,5.99,4.87,4.41,5.89,7.26,8.2,8.88,10.14,9.72,9,8.02,6.57,5.13,4.45,4.99,4.74,
Sweden,SWE,"Unemployment, total (% of total labor force) (national estimate)",SL.UEM.TOTL.NE.ZS,,,,,,,,,,1.89,1.51,2.55,2.7,2.46,1.98,1.62,1.61,,,,,,3.14,3.48,3.07,2.83,2.23,2.15,,1.46,1.74,3.13,5.59,9.19,9.49,8.9,9.55,10.36,8.94,7.61,5.47,4.73,4.97,5.55,6.69,7.49,7.07,6.16,6.23,8.35,8.61,7.8,7.98,8.05,7.95,7.43,6.99,6.72,6.36,6.83,8.29,8.72,
Eswatini,SWZ,"Unemployment, total (% of total labor force) (national estimate)",SL.UEM.TOTL.NE.ZS,,,,,,,,,,,,,,,,,,,,,,,,,,,,,,,,,,,,21.65,,22.5,,,,,,,,,,28.24,,,,,,,,,22.72,,,,,,
Sint Maarten (Dutch part),SXM,"Unemployment, total (% of total labor force) (national estimate)",SL.UEM.TOTL.NE.ZS,,,,,,,,,,,,,,,,,,,,,,,,,,,,,,,,,,,,,,,,,,,,,,,,,,,,,,,,,,,,,,,
Seychelles,SYC,"Unemployment, total (% of total labor force) (national estimate)",SL.UEM.TOTL.NE.ZS,,,,,,,,,,,,,,,,,,,,,,,,,,,,,,,,,,,10.35,,,,,,,,9.81,,,5.5,,,,,,4.11,,,3.84,4.15,3.96,3.71,3.53,2.97,4.31,,
Syrian Arab Republic,SYR,"Unemployment, total (% of total labor force) (national estimate)",SL.UEM.TOTL.NE.ZS,,,,,,,,,,4.3,6.4,7.5,4.7,4.5,5.1,4.81,6.2,5,4.5,3.8,,,,4.24,4.7,,,,,5.78,,6.75,,7.4,7.5,7.2,,,,7.6,,11.63,11.68,10.28,,,8.17,8.42,10.94,8.14,8.61,,,,,,,,,,,,
Turks and Caicos Islands,TCA,"Unemployment, total (% of total labor force) (national estimate)",SL.UEM.TOTL.NE.ZS,,,,,,,,,,,,,,,,,,,,,,,,,,,,,,,,,,,,,,,,,,9.71,6.18,7.77,9.86,8.04,7.45,5.43,8.3,,,,,,,,,,,,,,
Chad,TCD,"Unemployment, total (% of total labor force) (national estimate)",SL.UEM.TOTL.NE.ZS,,,,,,,,,,,,,,,,,,,,,,,,,,,,,,,,,,0.7,,,,,,,,,,,,,,,,,,,,,,,,,1.13,,,,
East Asia & Pacific (IDA & IBRD countries),TEA,"Unemployment, total (% of total labor force) (national estimate)",SL.UEM.TOTL.NE.ZS,,,,,,,,,,,,,,,,,,,,,,,,,,,,,,,2.766043908,2.593579805,2.548281625,2.794197907,3.118160345,3.057536027,3.224896924,3.320055389,3.544111091,3.597090217,3.603412337,3.783302617,4.204656425,4.30855192,4.330515356,4.466600064,4.370019726,4.201302171,4.377487175,4.22594372,3.937077397,3.877600023,3.802727184,3.744867477,3.759333724,,,3.531314229,4.298928502,4.339889033,4.854946741,4.585418187,
Europe & Central Asia (IDA & IBRD countries),TEC,"Unemployment, total (% of total labor force) (national estimate)",SL.UEM.TOTL.NE.ZS,,,,,,,,,,,,,,,,,,,,,,,,,,,,,,,,,5.598729795,6.861662361,8.285723894,8.428013591,8.977003792,9.840803516,10.72616211,11.54613062,10.13586545,9.839298613,9.623427501,9.478090156,9.212488048,8.567405854,8.016290858,7.309300933,7.203698071,8.978401333,8.599633595,7.888538918,7.390240524,7.449498185,7.533714974,7.517438048,7.462794517,7.097567238,6.878173404,6.93325052,7.136475513,6.846217691,
Togo,TGO,"Unemployment, total (% of total labor force) (national estimate)",SL.UEM.TOTL.NE.ZS,,,,,,,,,,,,,,,,,,,,,,,,,,,,,,,,,,,,,,,,,,,,,,,4.23,,,,,1.98,,,,2.2,,3.74,,,,,
Thailand,THA,"Unemployment, total (% of total labor force) (national estimate)",SL.UEM.TOTL.NE.ZS,,,,,,,,,,,,0.19,0.51,0.43,0.47,0.45,0.6,0.9,0.75,0.92,0.93,1.26,2.66,2.9,2.9,4.93,3.5,5.77,3.04,1.39,2.21,2.63,1.35,1.49,1.35,1.1,1.07,0.87,3.4,2.97,2.39,2.6,,1.54,1.51,1.35,1.22,1.18,1.18,1.49,0.62,0.66,0.58,0.25,0.58,0.6,0.69,0.83,0.77,0.72,1.1,1.21,
Tajikistan,TJK,"Unemployment, total (% of total labor force) (national estimate)",SL.UEM.TOTL.NE.ZS,,,,,,,,,,,,,,,,,,,,,,,,,,,,,,,,,0.4,1.2,1.7,2,2.6,2.7,3.2,3,2.7,2.3,2.5,3.85,2,2,2.2,2.87,,11.5,,,,,,,6.9,,,,,,
Turkmenistan,TKM,"Unemployment, total (% of total labor force) (national estimate)",SL.UEM.TOTL.NE.ZS,,,,,,,,,,,,,,,,,,,,,,,,,,,,,,,,,,,,,,,,,,,,,,,,,,4,4,,,,,,,,,,,,
Latin America & the Caribbean (IDA & IBRD countries),TLA,"Unemployment, total (% of total labor force) (national estimate)",SL.UEM.TOTL.NE.ZS,,,,,,,,,,,,,,,,,,,,,,,,,,,,,,,5.992808103,,6.356933936,6.480104366,,8.396004257,8.891134296,8.567138289,9.189457313,10.02989757,,9.336444164,9.922955201,9.539502247,8.580636584,8.444311336,7.334285527,7.454274174,6.832409588,7.860603994,,6.61579829,6.430385364,6.204417575,6.036091659,6.589716691,7.689690327,8.028153113,8.064508504,8.138835531,10.50133744,9.528856163,7.663751565
Timor-Leste,TLS,"Unemployment, total (% of total labor force) (national estimate)",SL.UEM.TOTL.NE.ZS,,,,,,,,,,,,,,,,,,,,,,,,,,,,,,,,,,,,,,,,,,5.24,,,,,,5.65,,,3.3,,,4.05,,,4.66,,,,,2.34,
Middle East & North Africa (IDA & IBRD countries),TMN,"Unemployment, total (% of total labor force) (national estimate)",SL.UEM.TOTL.NE.ZS,,,,,,,,,,,,,,,,,,,,,,,,,,,,,,,,12.41080148,,,,,,,,,,,13.59767737,,11.83215592,12.26681111,11.17541913,10.43176727,10.33341368,10.45356369,11.01473227,11.70196427,11.7991812,11.51611097,11.58082177,11.84673584,11.884946,12.4934965,,,,10.30402577,
Tonga,TON,"Unemployment, total (% of total labor force) (national estimate)",SL.UEM.TOTL.NE.ZS,,,,,,,,,,,,,,,,,,,,,,,,,,,,,,,4.16,,,1.3,,,,,,,,,,5.18,,,1.09,,,,,,,,,,,,2.25,,,2.11,
South Asia (IDA & IBRD),TSA,"Unemployment, total (% of total labor force) (national estimate)",SL.UEM.TOTL.NE.ZS,,,,,,,,,,,,,,,,,,,,,,,,,,,,,,,,,,,6.703872969,,,,,,3.258297367,,,,,8.08038323,,,,,2.917292009,,3.206891393,,,,,,7.146758414,6.271859947,7.884250602,6.373748364,4.82
Sub-Saharan Africa (IDA & IBRD countries),TSS,"Unemployment, total (% of total labor force) (national estimate)",SL.UEM.TOTL.NE.ZS,,,,,,,,,,,,,,,,,,,,,,,,,,,,,,,,,,,,,,,,,,,,,,,,,,,,,,,,,,,,,,,
Trinidad and Tobago,TTO,"Unemployment, total (% of total labor force) (national estimate)",SL.UEM.TOTL.NE.ZS,,,,,,,,,,13.17,12.76,13.03,,15.4,15.24,14.99,,8.98,7.27,6.75,6.03,6.31,6.22,6.61,8.17,9.31,9.37,22.11,21.88,21.95,19.87,18.52,19.66,19.81,18.44,17.22,16.25,15.01,14.21,13.12,12.1,10.88,10.39,10.48,8.33,7.95,6.27,5.54,4.63,5.28,4.03,3.43,3.72,2.68,2.48,2.43,3.21,,,3.52,4.21,4.45,
Tunisia,TUN,"Unemployment, total (% of total labor force) (national estimate)",SL.UEM.TOTL.NE.ZS,,,,,,,,,,,,,,,,,,,,,,,,,,,,,,16.13,,,,,,,,15.94,,15.21,14.94,14.4,14.55,14.51,14.23,12.87,12.51,12.36,12.44,13.29,13.05,18.33,17.63,15.93,14.26,15.16,15.56,15.33,15.46,15.13,,,
Turkiye,TUR,"Unemployment, total (% of total labor force) (national estimate)",SL.UEM.TOTL.NE.ZS,,,,,,,,,,,,,,,,,,,,,,,10.93,12.06,11.92,11.21,,,8.04,8.26,8.35,8.11,8.18,8.25,8.15,7.24,6.26,6.45,6.55,7.45,6.3,8.37,10.35,10.55,10.83,10.63,8.72,8.87,9.71,12.55,10.66,8.8,8.15,8.73,9.88,10.24,10.84,10.82,10.89,13.67,13.11,11.98,
Tuvalu,TUV,"Unemployment, total (% of total labor force) (national estimate)",SL.UEM.TOTL.NE.ZS,,,,,,,,,,,,,,,,,,,,,,,,,,,,,,,,,,,,,,,,,,,6.53,,,,,,,,,,,,,,8.49,26.55,,,,,
Tanzania,TZA,"Unemployment, total (% of total labor force) (national estimate)",SL.UEM.TOTL.NE.ZS,,,,,,,,,,,,,,,,,,,,,,,,,,,,,,,,3.6,,,,,,,,,,2.99,3.6,,,,3.3,,,2.5,1.65,3.47,0.29,2.93,2.12,,,,,,2.78,,
Uganda,UGA,"Unemployment, total (% of total labor force) (national estimate)",SL.UEM.TOTL.NE.ZS,,,,,,,,,,,,,,,,,,,,,,,,,,,,,,,,,,,,,,,,,,,3.5,3.6,,1.9,,,,3.6,,,3.55,1.91,,,,3.64,,,,3.42,
Ukraine,UKR,"Unemployment, total (% of total labor force) (national estimate)",SL.UEM.TOTL.NE.ZS,,,,,,,,,,,,,,,,,,,,,,,,,,,,,,,,,,,,5.62,7.65,8.93,11.32,11.86,11.71,11.06,10.14,9.06,8.59,7.18,6.81,6.35,6.36,8.84,8.1,7.85,7.53,7.17,9.27,9.14,9.35,9.5,8.8,8.19,9.48,9.83,
Upper middle income,UMC,"Unemployment, total (% of total labor force) (national estimate)",SL.UEM.TOTL.NE.ZS,,,,,,,,,,,,,,,,,,,,,,,,,,,,,,,2.938019222,2.850755965,3.27302284,3.551439521,3.858459266,4.431280849,4.611563477,4.782965271,5.401107219,5.699056845,5.11812973,5.619646113,5.983122966,6.01908392,5.86946136,5.81123827,5.509577998,5.457855436,5.400973432,5.784230817,5.219802893,5.189071651,5.064944914,4.98464734,5.006424531,,,5.371456639,5.90344961,6.037257396,6.771151568,6.408240201,
Uruguay,URY,"Unemployment, total (% of total labor force) (national estimate)",SL.UEM.TOTL.NE.ZS,,,,,,,,,,,7.5,7.6,7.7,8.9,8.1,,,,,,7.3,6.6,11.7,,9.94,,10.7,9.1,,,8.53,8.95,8.96,8.35,9.04,10.02,11.93,11.44,9.36,10.47,12.63,15.05,16.65,16.66,12.98,12.01,10.84,9.4,8.03,7.74,7.16,6.31,6.45,6.44,6.55,7.49,7.84,7.89,8.34,8.73,10.33,9.29,7.87
United States,USA,"Unemployment, total (% of total labor force) (national estimate)",SL.UEM.TOTL.NE.ZS,5.5,6.7,5.5,5.7,5.2,4.5,3.8,3.8,3.6,3.5,4.9,5.9,5.6,4.9,5.6,8.5,7.7,7.1,6.1,5.8,7.1,7.6,9.7,9.6,7.5,7.2,7,6.2,5.5,5.3,5.6,6.8,7.5,6.9,6.12,5.65,5.45,5,4.51,4.22,3.99,4.73,5.78,5.99,5.53,5.08,4.62,4.62,5.78,9.25,9.63,8.95,8.07,7.37,6.17,5.28,4.87,4.36,3.9,3.67,8.05,5.35,3.65
Uzbekistan,UZB,"Unemployment, total (% of total labor force) (national estimate)",SL.UEM.TOTL.NE.ZS,,,,,,,,,,,,,,,,,,,,,,,,,,,,,,,,,0.2,0.4,0.4,0.4,,,,,0.4,0.4,0.4,0.3,0.4,0.3,0.2,4.99,4.89,5.04,5.36,4.96,4.87,4.86,5.09,5.15,5.16,5.83,9.35,8.98,5.29,,
St. Vincent and the Grenadines,VCT,"Unemployment, total (% of total labor force) (national estimate)",SL.UEM.TOTL.NE.ZS,,,,,,,,,,,,,,,,,,,,,23.5,,,,,,,,,,,19.77,,,,,,,,,,21.1,,,,,,,18.79,,,,,,,,,,,,,,
"Venezuela, RB",VEN,"Unemployment, total (% of total labor force) (national estimate)",SL.UEM.TOTL.NE.ZS,,,,,,,,,,,,,,,,7.01,6.34,5.11,4.98,5.81,5.89,7,8.05,11.49,12.86,13.16,10.93,9.1,7.28,9.74,13.96,,,,8.56,10.24,11.77,,,,,8.83,16.17,16.78,,10.66,8.61,7.28,6.25,6.1,7.11,6.9,6.6,,,,5.32,5.05,,,7.53,,
British Virgin Islands,VGB,"Unemployment, total (% of total labor force) (national estimate)",SL.UEM.TOTL.NE.ZS,,,,,,,,,,,,,,,,,,,,,,,,,,,,,,,,3.29,,,,,,,,,,,,,,,,,,,,,,,,,,,,,,,
Virgin Islands (U.S.),VIR,"Unemployment, total (% of total labor force) (national estimate)",SL.UEM.TOTL.NE.ZS,,,,,,,,,,,,,,,,,,,,,,,,,,,,,,,,,,,,,,,,,,,,,,,,,,,,,,,,,,,,,,,
Vietnam,VNM,"Unemployment, total (% of total labor force) (national estimate)",SL.UEM.TOTL.NE.ZS,,,,,,,,,,,,,,,,,,,,,,,,,,,,,,,,,,,,,1.93,2.87,2.29,2.33,2.26,2.76,2.12,2.25,2.14,,,2.03,,1.74,1.11,1,1.03,1.32,1.26,1.85,1.85,1.87,1.16,1.68,2.1,2.38,1.54
Vanuatu,VUT,"Unemployment, total (% of total labor force) (national estimate)",SL.UEM.TOTL.NE.ZS,,,,,,,,,,,,,,,,,,,,,,,,,,,,,,,,,,,,,,,,,,,,,,,8.01,,,4.56,1.85,,,,,,,,,5.44,4.05,,
World,WLD,"Unemployment, total (% of total labor force) (national estimate)",SL.UEM.TOTL.NE.ZS,,,,,,,,,,,,,,,,,,,,,,,,,,,,,,,,,,,5.630963411,,5.607673963,,,6.208807798,5.337657253,6.031894497,,6.422290155,,6.556191351,5.735676707,5.514179805,,6.28769849,5.474736784,5.904699231,5.428544207,5.610556755,5.601355225,,,5.574566339,5.91168792,5.890310719,6.695281895,6.2288073,
Samoa,WSM,"Unemployment, total (% of total labor force) (national estimate)",SL.UEM.TOTL.NE.ZS,,,,,,,,,,,,,,,,,,,,,,,,,,,,,,,,2.1,,,,,,,,,,4.96,,,,,1.29,,,,,5.68,8.75,,8.72,,,9.4,,,,,
Kosovo,XKX,"Unemployment, total (% of total labor force) (national estimate)",SL.UEM.TOTL.NE.ZS,,,,,,,,,,,,,,,,,,,,,,,,,,,,,,,,,,,,,,,,,,57,55,49.7,39.7,41.4,44.9,46.3,47.5,45.4,,,30.88,29.77,35.26,32.84,27.49,30.34,27.76,25.07,25.46,20.39,
"Yemen, Rep.",YEM,"Unemployment, total (% of total labor force) (national estimate)",SL.UEM.TOTL.NE.ZS,,,,,,,,,,,,,,,,,,,,,,,,,,,,,,,,,,,8.34,,,,,11.46,,,,,16.23,16.05,15.7,15.33,14.97,14.63,17.82,,,,13.47,,,,,,,,
South Africa,ZAF,"Unemployment, total (% of total labor force) (national estimate)",SL.UEM.TOTL.NE.ZS,,,,,,,,,,,,,,,,,,,,,,,,,,,,,,,,,,,,,,,25,25.37,29.88,25.37,27.18,27.12,24.67,23.84,22.62,22.33,19.51,20.51,23.18,21.42,21.79,22.04,22.61,22.87,24.02,23.99,24.22,25.54,24.34,28.77,28.84
Zambia,ZMB,"Unemployment, total (% of total labor force) (national estimate)",SL.UEM.TOTL.NE.ZS,,,,,,,,,,,,,,,,,,,,,,,,,,,13,,,,15,18.9,,19.7,,,15.3,,12,,12.93,,,,,15.9,,,7.93,,13.19,,7.85,,,,,8.52,5.03,5.54,6.03,5.2,
Zimbabwe,ZWE,"Unemployment, total (% of total labor force) (national estimate)",SL.UEM.TOTL.NE.ZS,,,,,,,,,,,,,,,,,,,,,,,10.8,,,,,7.18,,,,,,,4.96,,,6.93,,6,,,,,4.39,,,,,,,5.37,,,4.77,,,,,7.37,,9.54,
