country_code,country_name,skill_group_category,skill_group_name,year,value
ar,Argentina,Specialized Industry Skills,Sociology,2015,-38.9
ar,Argentina,Business Skills,Affiliate Marketing,2015,-134.97
ar,Argentina,Business Skills,Sales Leads,2015,-247.56
ar,Argentina,Specialized Industry Skills,Industrial Design,2015,-84.95
ar,Argentina,Business Skills,Revenue Analysis,2015,-87.48
ar,Argentina,Business Skills,Partner Development,2015,-294.48
ar,Argentina,Disruptive Tech Skills,Artificial Intelligence (AI),2015,-77.88
ar,Argentina,Specialized Industry Skills,Apparel,2015,-80.93
ar,Argentina,Soft Skills,Problem Solving,2015,-181.82
ar,Argentina,Business Skills,Economics,2015,-123.36
ar,Argentina,Tech Skills,Game Development,2015,-122.05
ar,Argentina,Specialized Industry Skills,Travel Management,2015,-84.23
ar,Argentina,Disruptive Tech Skills,Human Computer Interaction,2015,-74.37
ar,Argentina,Tech Skills,Software Testing,2015,-152.74
ar,Argentina,Specialized Industry Skills,Urban Planning,2015,-47.48
ar,Argentina,Tech Skills,Animation,2015,-70.19
ar,Argentina,Tech Skills,Mobile Application Development,2015,-89.42
ar,Argentina,Specialized Industry Skills,Translation,2015,-65.97
ar,Argentina,Tech Skills,Software Development Life Cycle (SDLC),2015,-103.91
ar,Argentina,Specialized Industry Skills,Photography,2015,-50.77
ar,Argentina,Tech Skills,Scientific Computing,2015,-64.83
ar,Argentina,Disruptive Tech Skills,Aerospace Engineering,2015,-83.04
ar,Argentina,Specialized Industry Skills,Interior Design,2015,-56.13
ar,Argentina,Specialized Industry Skills,Analytical Reasoning,2015,64.98
ar,Argentina,Specialized Industry Skills,Commercial Photography,2015,-62.71
ar,Argentina,Specialized Industry Skills,Linguistics,2015,-68.68
ar,Argentina,Specialized Industry Skills,Theatre,2015,-9.09
ar,Argentina,Specialized Industry Skills,Airlines,2015,-39.75
ar,Argentina,Business Skills,Digital Marketing,2015,-78.93
ar,Argentina,Specialized Industry Skills,Video,2015,-43.62
ar,Argentina,Business Skills,Advertising,2015,-65.08
ar,Argentina,Tech Skills,Information Management,2015,-59.69
ar,Argentina,Specialized Industry Skills,Hospitality Industry,2015,-68.66
ar,Argentina,Business Skills,Growth Strategies,2015,-75.37
ar,Argentina,Specialized Industry Skills,Visual Arts,2015,-29.23
ar,Argentina,Specialized Industry Skills,Professional Sports,2015,-64.91
ar,Argentina,Tech Skills,Computer Graphics,2015,-45.75
ar,Argentina,Soft Skills,Writing,2015,-44.5
ar,Argentina,Specialized Industry Skills,Mathematics,2015,-53.03
ar,Argentina,Specialized Industry Skills,Politics,2015,-148.57
ar,Argentina,Specialized Industry Skills,Music,2015,-28.26
ar,Argentina,Disruptive Tech Skills,Development Tools,2015,-62.01
ar,Argentina,Specialized Industry Skills,Retail Packaging,2015,-9.37
ar,Argentina,Specialized Industry Skills,Cosmetology,2015,-24.28
ar,Argentina,Business Skills,Corporate Communications,2015,-64.99
ar,Argentina,Specialized Industry Skills,Volunteer Management,2015,-123.0
ar,Argentina,Business Skills,Sales Operations,2015,-86.99
ar,Argentina,Tech Skills,Web Development,2015,-65.82
ar,Argentina,Specialized Industry Skills,Television,2015,-35.45
ar,Argentina,Specialized Industry Skills,Physiology,2015,-14.15
ar,Argentina,Soft Skills,Social Perceptiveness,2015,-32.16
ar,Argentina,Disruptive Tech Skills,Data Science,2015,-52.65
ar,Argentina,Business Skills,Investment Banking,2015,-64.99
ar,Argentina,Business Skills,Compensation & Benefits,2015,-65.0
ar,Argentina,Soft Skills,Time Management,2015,-118.55
ar,Argentina,Soft Skills,Flexible Approach,2015,-141.22
ar,Argentina,Tech Skills,Graphic Design,2015,-21.12
ar,Argentina,Specialized Industry Skills,Food Service Operations,2015,-43.02
ar,Argentina,Specialized Industry Skills,Editing,2015,-28.94
ar,Argentina,Tech Skills,Data Storage Technologies,2015,-57.75
ar,Argentina,Specialized Industry Skills,Literature,2015,18.96
ar,Argentina,Business Skills,Product Development,2015,-46.09
ar,Argentina,Specialized Industry Skills,Machining,2015,-37.64
ar,Argentina,Specialized Industry Skills,Biomedical Engineering,2015,-56.17
ar,Argentina,Specialized Industry Skills,Dance,2015,-14.52
ar,Argentina,Specialized Industry Skills,Documentation,2015,-102.07
ar,Argentina,Business Skills,Customer Experience,2015,-40.53
ar,Argentina,Specialized Industry Skills,Automotive,2015,-24.75
ar,Argentina,Business Skills,Management Consulting,2015,-72.78
ar,Argentina,Tech Skills,Computer Hardware,2015,-57.97
ar,Argentina,Business Skills,Product Marketing,2015,-57.97
ar,Argentina,Tech Skills,Enterprise Software,2015,-61.95
ar,Argentina,Specialized Industry Skills,Electronics,2015,-26.51
ar,Argentina,Specialized Industry Skills,Air Force,2015,-47.37
ar,Argentina,Specialized Industry Skills,Social Services,2015,-69.42
ar,Argentina,Soft Skills,Teamwork,2015,-47.25
ar,Argentina,Specialized Industry Skills,Foreign Languages,2015,-41.79
ar,Argentina,Business Skills,Competitive Strategies,2015,-109.61
ar,Argentina,Specialized Industry Skills,Public Policy,2015,-83.33
ar,Argentina,Specialized Industry Skills,Journalism,2015,-45.75
ar,Argentina,Specialized Industry Skills,Navy,2015,-82.72
ar,Argentina,Specialized Industry Skills,Event Planning,2015,-29.77
ar,Argentina,Business Skills,Inside Sales,2015,-69.64
ar,Argentina,Specialized Industry Skills,Evolutionary Biology,2015,-15.02
ar,Argentina,Specialized Industry Skills,Cooking,2015,-76.74
ar,Argentina,Tech Skills,Social Media,2015,-36.64
ar,Argentina,Specialized Industry Skills,Recruiting,2015,-47.74
ar,Argentina,Disruptive Tech Skills,Genetic Engineering,2015,-32.02
ar,Argentina,Business Skills,People Management,2015,-75.19
ar,Argentina,Specialized Industry Skills,Family Medicine,2015,-30.92
ar,Argentina,Business Skills,Commercial Banking,2015,-66.12
ar,Argentina,Specialized Industry Skills,K-12 Education,2015,-29.67
ar,Argentina,Specialized Industry Skills,Retail,2015,-48.38
ar,Argentina,Specialized Industry Skills,International Law,2015,-85.26
ar,Argentina,Business Skills,Capital Markets,2015,-78.56
ar,Argentina,Specialized Industry Skills,Environmental Consulting,2015,-66.13
ar,Argentina,Specialized Industry Skills,Wellness,2015,-9.11
ar,Argentina,Specialized Industry Skills,Art History,2015,-3.34
ar,Argentina,Specialized Industry Skills,Architecture,2015,-25.84
ar,Argentina,Business Skills,Financial Accounting,2015,-50.81
ar,Argentina,Specialized Industry Skills,Cybersecurity,2015,-70.76
ar,Argentina,Specialized Industry Skills,Real Estate,2015,-48.63
ar,Argentina,Soft Skills,Active Learning,2015,-37.69
ar,Argentina,Specialized Industry Skills,Public Safety,2015,-41.72
ar,Argentina,Specialized Industry Skills,Pharmaceutical Manufacturing,2015,-21.42
ar,Argentina,Specialized Industry Skills,Environmental Science,2015,-42.28
ar,Argentina,Tech Skills,System Administration,2015,-23.6
ar,Argentina,Soft Skills,Leadership,2015,-43.23
ar,Argentina,Specialized Industry Skills,Criminal Law,2015,0.0
ar,Argentina,Business Skills,Auditing,2015,-43.26
ar,Argentina,Specialized Industry Skills,Personal Coaching,2015,-49.91
ar,Argentina,Specialized Industry Skills,Organic Chemistry,2015,0.0
ar,Argentina,Business Skills,Operational Efficiency,2015,-78.79
ar,Argentina,Specialized Industry Skills,Law,2015,-32.33
ar,Argentina,Business Skills,Administrative Assistance,2015,-22.86
ar,Argentina,Specialized Industry Skills,Telecommunications,2015,-35.07
ar,Argentina,Specialized Industry Skills,Physics,2015,20.85
ar,Argentina,Soft Skills,Negotiation,2015,-33.72
ar,Argentina,Specialized Industry Skills,Pharmaceutics,2015,-25.91
ar,Argentina,Specialized Industry Skills,Food Manufacturing,2015,4.3
ar,Argentina,Specialized Industry Skills,Environmental Engineering,2015,96.06
ar,Argentina,Business Skills,Management Accounting,2015,-26.64
ar,Argentina,Tech Skills,Technical Support,2015,-47.4
ar,Argentina,Business Skills,Human Resources (HR),2015,-43.44
ar,Argentina,Specialized Industry Skills,Psychology,2015,7.49
ar,Argentina,Specialized Industry Skills,Higher Education,2015,-44.18
ar,Argentina,Business Skills,Accounts Payable,2015,-33.85
ar,Argentina,Business Skills,Manufacturing Operations,2015,-32.5
ar,Argentina,Tech Skills,Computer Networking,2015,-38.24
ar,Argentina,Specialized Industry Skills,Inventory Management,2015,-29.46
ar,Argentina,Business Skills,Tax Accounting,2015,-32.87
ar,Argentina,Soft Skills,Communication,2015,-17.0
ar,Argentina,Specialized Industry Skills,Radio Production,2015,5.42
ar,Argentina,Specialized Industry Skills,Nonprofit Management,2015,-41.92
ar,Argentina,Specialized Industry Skills,Maritime Operations,2015,-45.82
ar,Argentina,Business Skills,Payroll Services,2015,-47.97
ar,Argentina,Specialized Industry Skills,Agricultural Production,2015,-14.03
ar,Argentina,Tech Skills,Digital Literacy,2015,-8.46
ar,Argentina,Specialized Industry Skills,Teaching,2015,-14.33
ar,Argentina,Specialized Industry Skills,Delivery Operations,2015,-44.05
ar,Argentina,Business Skills,Project Management,2015,-34.32
ar,Argentina,Business Skills,Business Management,2015,-15.28
ar,Argentina,Business Skills,Procurement,2015,-29.94
ar,Argentina,Disruptive Tech Skills,Robotics,2015,-57.08
ar,Argentina,Business Skills,Employee Learning & Development,2015,76.13
ar,Argentina,Specialized Industry Skills,Labor and Employment Law,2015,-14.24
ar,Argentina,Business Skills,Insurance,2015,-41.72
ar,Argentina,Specialized Industry Skills,Public Health,2015,-19.73
ar,Argentina,Specialized Industry Skills,Contract Law,2015,-16.69
ar,Argentina,Specialized Industry Skills,Power Systems,2015,-32.18
ar,Argentina,Specialized Industry Skills,Healthcare Management,2015,-31.5
ar,Argentina,Specialized Industry Skills,Educational Administration,2015,-41.04
ar,Argentina,Business Skills,Entrepreneurship,2015,46.88
ar,Argentina,Specialized Industry Skills,Medicine,2015,-32.39
ar,Argentina,Specialized Industry Skills,Research,2015,37.25
ar,Argentina,Specialized Industry Skills,Chemical Processing,2015,-72.62
ar,Argentina,Disruptive Tech Skills,Materials Science,2015,0.0
ar,Argentina,Specialized Industry Skills,Product Testing,2015,-23.8
ar,Argentina,Specialized Industry Skills,Earth Science,2015,14.61
ar,Argentina,Business Skills,Bookkeeping,2015,0.0
ar,Argentina,Specialized Industry Skills,Intellectual Property,2015,-43.17
ar,Argentina,Specialized Industry Skills,Ground Transportation,2015,-10.8
ar,Argentina,Specialized Industry Skills,Construction Engineering,2015,-10.96
ar,Argentina,Specialized Industry Skills,Mining,2015,6.32
ar,Argentina,Specialized Industry Skills,Maintenance & Repair,2015,17.07
ar,Argentina,Specialized Industry Skills,Physical Security,2015,10.74
ar,Argentina,Specialized Industry Skills,Electronic Control Systems,2015,-53.34
ar,Argentina,Specialized Industry Skills,Utilities,2015,-14.84
ar,Argentina,Specialized Industry Skills,Instrumentation,2015,12.14
ar,Argentina,Specialized Industry Skills,Oil & Gas,2015,8.5
ar,Argentina,Specialized Industry Skills,Drilling Engineering,2015,33.35
ar,Argentina,Specialized Industry Skills,Sociology,2016,-126.02
ar,Argentina,Business Skills,Affiliate Marketing,2016,-28.22
ar,Argentina,Business Skills,Sales Leads,2016,-157.47
ar,Argentina,Specialized Industry Skills,Industrial Design,2016,-73.58
ar,Argentina,Business Skills,Revenue Analysis,2016,-142.38
ar,Argentina,Business Skills,Partner Development,2016,-203.84
ar,Argentina,Disruptive Tech Skills,Artificial Intelligence (AI),2016,-123.84
ar,Argentina,Specialized Industry Skills,Apparel,2016,-89.59
ar,Argentina,Soft Skills,Problem Solving,2016,-8.87
ar,Argentina,Business Skills,Economics,2016,-77.71
ar,Argentina,Tech Skills,Game Development,2016,-142.58
ar,Argentina,Specialized Industry Skills,Travel Management,2016,-103.77
ar,Argentina,Disruptive Tech Skills,Human Computer Interaction,2016,-100.13
ar,Argentina,Tech Skills,Software Testing,2016,-91.95
ar,Argentina,Specialized Industry Skills,Urban Planning,2016,-135.92
ar,Argentina,Tech Skills,Animation,2016,-83.96
ar,Argentina,Tech Skills,Mobile Application Development,2016,-94.8
ar,Argentina,Specialized Industry Skills,Translation,2016,-84.18
ar,Argentina,Tech Skills,Software Development Life Cycle (SDLC),2016,-69.71
ar,Argentina,Specialized Industry Skills,Photography,2016,-63.41
ar,Argentina,Tech Skills,Scientific Computing,2016,-22.8
ar,Argentina,Disruptive Tech Skills,Aerospace Engineering,2016,7.61
ar,Argentina,Specialized Industry Skills,Interior Design,2016,-35.59
ar,Argentina,Specialized Industry Skills,Analytical Reasoning,2016,-117.37
ar,Argentina,Specialized Industry Skills,Commercial Photography,2016,-52.78
ar,Argentina,Specialized Industry Skills,Linguistics,2016,-93.42
ar,Argentina,Specialized Industry Skills,Theatre,2016,-41.06
ar,Argentina,Specialized Industry Skills,Airlines,2016,-54.51
ar,Argentina,Business Skills,Digital Marketing,2016,-63.5
ar,Argentina,Specialized Industry Skills,Video,2016,-64.95
ar,Argentina,Business Skills,Advertising,2016,-54.79
ar,Argentina,Tech Skills,Information Management,2016,-65.81
ar,Argentina,Specialized Industry Skills,Hospitality Industry,2016,-122.58
ar,Argentina,Business Skills,Growth Strategies,2016,-27.26
ar,Argentina,Specialized Industry Skills,Visual Arts,2016,-29.63
ar,Argentina,Specialized Industry Skills,Professional Sports,2016,-63.08
ar,Argentina,Tech Skills,Computer Graphics,2016,-143.07
ar,Argentina,Soft Skills,Writing,2016,-46.07
ar,Argentina,Specialized Industry Skills,Mathematics,2016,27.52
ar,Argentina,Specialized Industry Skills,Politics,2016,-28.84
ar,Argentina,Specialized Industry Skills,Music,2016,-44.77
ar,Argentina,Disruptive Tech Skills,Development Tools,2016,-44.56
ar,Argentina,Specialized Industry Skills,Retail Packaging,2016,-50.76
ar,Argentina,Specialized Industry Skills,Cosmetology,2016,-27.5
ar,Argentina,Business Skills,Corporate Communications,2016,-48.03
ar,Argentina,Specialized Industry Skills,Volunteer Management,2016,30.95
ar,Argentina,Business Skills,Sales Operations,2016,-52.28
ar,Argentina,Tech Skills,Web Development,2016,-48.17
ar,Argentina,Specialized Industry Skills,Television,2016,-62.57
ar,Argentina,Specialized Industry Skills,Physiology,2016,-114.65
ar,Argentina,Soft Skills,Social Perceptiveness,2016,-126.94
ar,Argentina,Disruptive Tech Skills,Data Science,2016,-24.99
ar,Argentina,Business Skills,Investment Banking,2016,-0.97
ar,Argentina,Business Skills,Compensation & Benefits,2016,7.07
ar,Argentina,Soft Skills,Time Management,2016,86.06
ar,Argentina,Soft Skills,Flexible Approach,2016,-134.43
ar,Argentina,Tech Skills,Graphic Design,2016,-44.86
ar,Argentina,Specialized Industry Skills,Food Service Operations,2016,-84.75
ar,Argentina,Specialized Industry Skills,Editing,2016,-55.72
ar,Argentina,Tech Skills,Data Storage Technologies,2016,-46.0
ar,Argentina,Specialized Industry Skills,Literature,2016,-59.26
ar,Argentina,Business Skills,Product Development,2016,-6.39
ar,Argentina,Specialized Industry Skills,Machining,2016,22.58
ar,Argentina,Specialized Industry Skills,Biomedical Engineering,2016,-99.01
ar,Argentina,Specialized Industry Skills,Dance,2016,-50.75
ar,Argentina,Specialized Industry Skills,Documentation,2016,-47.98
ar,Argentina,Business Skills,Customer Experience,2016,12.26
ar,Argentina,Specialized Industry Skills,Automotive,2016,12.41
ar,Argentina,Business Skills,Management Consulting,2016,-26.92
ar,Argentina,Tech Skills,Computer Hardware,2016,-32.63
ar,Argentina,Business Skills,Product Marketing,2016,-33.55
ar,Argentina,Tech Skills,Enterprise Software,2016,-32.57
ar,Argentina,Specialized Industry Skills,Electronics,2016,12.62
ar,Argentina,Specialized Industry Skills,Air Force,2016,-18.12
ar,Argentina,Specialized Industry Skills,Social Services,2016,-33.28
ar,Argentina,Soft Skills,Teamwork,2016,-7.16
ar,Argentina,Specialized Industry Skills,Foreign Languages,2016,-36.25
ar,Argentina,Business Skills,Competitive Strategies,2016,-88.51
ar,Argentina,Specialized Industry Skills,Public Policy,2016,-37.66
ar,Argentina,Specialized Industry Skills,Journalism,2016,-23.19
ar,Argentina,Specialized Industry Skills,Navy,2016,8.38
ar,Argentina,Specialized Industry Skills,Event Planning,2016,-11.97
ar,Argentina,Business Skills,Inside Sales,2016,-38.33
ar,Argentina,Specialized Industry Skills,Evolutionary Biology,2016,-26.71
ar,Argentina,Specialized Industry Skills,Cooking,2016,-19.5
ar,Argentina,Tech Skills,Social Media,2016,-13.95
ar,Argentina,Specialized Industry Skills,Recruiting,2016,-4.05
ar,Argentina,Disruptive Tech Skills,Genetic Engineering,2016,-47.98
ar,Argentina,Business Skills,People Management,2016,65.41
ar,Argentina,Specialized Industry Skills,Family Medicine,2016,-53.4
ar,Argentina,Business Skills,Commercial Banking,2016,5.41
ar,Argentina,Specialized Industry Skills,K-12 Education,2016,-66.15
ar,Argentina,Specialized Industry Skills,Retail,2016,-17.84
ar,Argentina,Specialized Industry Skills,International Law,2016,-49.68
ar,Argentina,Business Skills,Capital Markets,2016,-3.8
ar,Argentina,Specialized Industry Skills,Environmental Consulting,2016,-22.82
ar,Argentina,Specialized Industry Skills,Wellness,2016,5.45
ar,Argentina,Specialized Industry Skills,Art History,2016,-28.33
ar,Argentina,Specialized Industry Skills,Architecture,2016,3.3
ar,Argentina,Business Skills,Financial Accounting,2016,-15.01
ar,Argentina,Specialized Industry Skills,Cybersecurity,2016,-11.02
ar,Argentina,Specialized Industry Skills,Real Estate,2016,-16.74
ar,Argentina,Soft Skills,Active Learning,2016,-11.92
ar,Argentina,Specialized Industry Skills,Public Safety,2016,19.31
ar,Argentina,Specialized Industry Skills,Pharmaceutical Manufacturing,2016,-31.19
ar,Argentina,Specialized Industry Skills,Environmental Science,2016,-4.05
ar,Argentina,Tech Skills,System Administration,2016,-14.52
ar,Argentina,Soft Skills,Leadership,2016,-4.89
ar,Argentina,Specialized Industry Skills,Criminal Law,2016,-15.28
ar,Argentina,Business Skills,Auditing,2016,-9.57
ar,Argentina,Specialized Industry Skills,Personal Coaching,2016,-25.17
ar,Argentina,Specialized Industry Skills,Organic Chemistry,2016,-15.68
ar,Argentina,Business Skills,Operational Efficiency,2016,67.53
ar,Argentina,Specialized Industry Skills,Law,2016,-30.46
ar,Argentina,Business Skills,Administrative Assistance,2016,20.25
ar,Argentina,Specialized Industry Skills,Telecommunications,2016,25.37
ar,Argentina,Specialized Industry Skills,Physics,2016,0.0
ar,Argentina,Soft Skills,Negotiation,2016,-13.58
ar,Argentina,Specialized Industry Skills,Pharmaceutics,2016,-33.01
ar,Argentina,Specialized Industry Skills,Food Manufacturing,2016,-33.96
ar,Argentina,Specialized Industry Skills,Environmental Engineering,2016,46.33
ar,Argentina,Business Skills,Management Accounting,2016,4.21
ar,Argentina,Tech Skills,Technical Support,2016,-4.73
ar,Argentina,Business Skills,Human Resources (HR),2016,-4.79
ar,Argentina,Specialized Industry Skills,Psychology,2016,-30.98
ar,Argentina,Specialized Industry Skills,Higher Education,2016,-18.58
ar,Argentina,Business Skills,Accounts Payable,2016,13.73
ar,Argentina,Business Skills,Manufacturing Operations,2016,21.16
ar,Argentina,Tech Skills,Computer Networking,2016,21.33
ar,Argentina,Specialized Industry Skills,Inventory Management,2016,-12.64
ar,Argentina,Business Skills,Tax Accounting,2016,-7.16
ar,Argentina,Soft Skills,Communication,2016,53.87
ar,Argentina,Specialized Industry Skills,Radio Production,2016,-29.8
ar,Argentina,Specialized Industry Skills,Nonprofit Management,2016,-14.84
ar,Argentina,Specialized Industry Skills,Maritime Operations,2016,-70.43
ar,Argentina,Business Skills,Payroll Services,2016,39.64
ar,Argentina,Specialized Industry Skills,Agricultural Production,2016,-30.61
ar,Argentina,Tech Skills,Digital Literacy,2016,1.6
ar,Argentina,Specialized Industry Skills,Teaching,2016,-26.96
ar,Argentina,Specialized Industry Skills,Delivery Operations,2016,-43.48
ar,Argentina,Business Skills,Project Management,2016,38.07
ar,Argentina,Business Skills,Business Management,2016,10.38
ar,Argentina,Business Skills,Procurement,2016,6.5
ar,Argentina,Disruptive Tech Skills,Robotics,2016,49.2
ar,Argentina,Business Skills,Employee Learning & Development,2016,26.9
ar,Argentina,Specialized Industry Skills,Labor and Employment Law,2016,-36.6
ar,Argentina,Business Skills,Insurance,2016,5.32
ar,Argentina,Specialized Industry Skills,Public Health,2016,-51.98
ar,Argentina,Specialized Industry Skills,Contract Law,2016,-31.36
ar,Argentina,Specialized Industry Skills,Power Systems,2016,111.17
ar,Argentina,Specialized Industry Skills,Healthcare Management,2016,-29.13
ar,Argentina,Specialized Industry Skills,Educational Administration,2016,-4.46
ar,Argentina,Business Skills,Entrepreneurship,2016,73.67
ar,Argentina,Specialized Industry Skills,Medicine,2016,-33.97
ar,Argentina,Specialized Industry Skills,Research,2016,28.55
ar,Argentina,Specialized Industry Skills,Chemical Processing,2016,27.27
ar,Argentina,Disruptive Tech Skills,Materials Science,2016,59.47
ar,Argentina,Specialized Industry Skills,Product Testing,2016,50.21
ar,Argentina,Specialized Industry Skills,Earth Science,2016,15.84
ar,Argentina,Business Skills,Bookkeeping,2016,26.46
ar,Argentina,Specialized Industry Skills,Intellectual Property,2016,-24.52
ar,Argentina,Specialized Industry Skills,Ground Transportation,2016,-45.11
ar,Argentina,Specialized Industry Skills,Construction Engineering,2016,77.22
ar,Argentina,Specialized Industry Skills,Mining,2016,-36.75
ar,Argentina,Specialized Industry Skills,Maintenance & Repair,2016,136.19
ar,Argentina,Specialized Industry Skills,Physical Security,2016,42.51
ar,Argentina,Specialized Industry Skills,Electronic Control Systems,2016,64.95
ar,Argentina,Specialized Industry Skills,Utilities,2016,95.97
ar,Argentina,Specialized Industry Skills,Instrumentation,2016,90.17
ar,Argentina,Specialized Industry Skills,Oil & Gas,2016,112.19
ar,Argentina,Specialized Industry Skills,Drilling Engineering,2016,191.54
ar,Argentina,Specialized Industry Skills,Sociology,2017,-62.94
ar,Argentina,Business Skills,Affiliate Marketing,2017,30.55
ar,Argentina,Business Skills,Sales Leads,2017,-18.57
ar,Argentina,Specialized Industry Skills,Industrial Design,2017,-32.87
ar,Argentina,Business Skills,Revenue Analysis,2017,-115.12
ar,Argentina,Business Skills,Partner Development,2017,56.29
ar,Argentina,Disruptive Tech Skills,Artificial Intelligence (AI),2017,-89.38
ar,Argentina,Specialized Industry Skills,Apparel,2017,-48.51
ar,Argentina,Soft Skills,Problem Solving,2017,35.85
ar,Argentina,Business Skills,Economics,2017,-19.83
ar,Argentina,Tech Skills,Game Development,2017,-23.74
ar,Argentina,Specialized Industry Skills,Travel Management,2017,-49.01
ar,Argentina,Disruptive Tech Skills,Human Computer Interaction,2017,1.8
ar,Argentina,Tech Skills,Software Testing,2017,-54.14
ar,Argentina,Specialized Industry Skills,Urban Planning,2017,53.11
ar,Argentina,Tech Skills,Animation,2017,-32.36
ar,Argentina,Tech Skills,Mobile Application Development,2017,-29.77
ar,Argentina,Specialized Industry Skills,Translation,2017,-28.82
ar,Argentina,Tech Skills,Software Development Life Cycle (SDLC),2017,-34.26
ar,Argentina,Specialized Industry Skills,Photography,2017,-21.2
ar,Argentina,Tech Skills,Scientific Computing,2017,41.55
ar,Argentina,Disruptive Tech Skills,Aerospace Engineering,2017,36.19
ar,Argentina,Specialized Industry Skills,Interior Design,2017,48.3
ar,Argentina,Specialized Industry Skills,Analytical Reasoning,2017,-33.5
ar,Argentina,Specialized Industry Skills,Commercial Photography,2017,1.22
ar,Argentina,Specialized Industry Skills,Linguistics,2017,-22.42
ar,Argentina,Specialized Industry Skills,Theatre,2017,-26.74
ar,Argentina,Specialized Industry Skills,Airlines,2017,17.71
ar,Argentina,Business Skills,Digital Marketing,2017,-5.65
ar,Argentina,Specialized Industry Skills,Video,2017,-12.03
ar,Argentina,Business Skills,Advertising,2017,-8.77
ar,Argentina,Tech Skills,Information Management,2017,-38.83
ar,Argentina,Specialized Industry Skills,Hospitality Industry,2017,-47.39
ar,Argentina,Business Skills,Growth Strategies,2017,28.29
ar,Argentina,Specialized Industry Skills,Visual Arts,2017,-21.78
ar,Argentina,Specialized Industry Skills,Professional Sports,2017,-1.87
ar,Argentina,Tech Skills,Computer Graphics,2017,13.95
ar,Argentina,Soft Skills,Writing,2017,9.22
ar,Argentina,Specialized Industry Skills,Mathematics,2017,-29.12
ar,Argentina,Specialized Industry Skills,Politics,2017,-21.43
ar,Argentina,Specialized Industry Skills,Music,2017,-7.1
ar,Argentina,Disruptive Tech Skills,Development Tools,2017,9.8
ar,Argentina,Specialized Industry Skills,Retail Packaging,2017,-107.6
ar,Argentina,Specialized Industry Skills,Cosmetology,2017,0.0
ar,Argentina,Business Skills,Corporate Communications,2017,-25.56
ar,Argentina,Specialized Industry Skills,Volunteer Management,2017,-5.05
ar,Argentina,Business Skills,Sales Operations,2017,8.93
ar,Argentina,Tech Skills,Web Development,2017,-2.21
ar,Argentina,Specialized Industry Skills,Television,2017,-21.34
ar,Argentina,Specialized Industry Skills,Physiology,2017,-51.83
ar,Argentina,Soft Skills,Social Perceptiveness,2017,32.87
ar,Argentina,Disruptive Tech Skills,Data Science,2017,24.75
ar,Argentina,Business Skills,Investment Banking,2017,49.0
ar,Argentina,Business Skills,Compensation & Benefits,2017,-59.92
ar,Argentina,Soft Skills,Time Management,2017,59.52
ar,Argentina,Soft Skills,Flexible Approach,2017,108.72
ar,Argentina,Tech Skills,Graphic Design,2017,-7.46
ar,Argentina,Specialized Industry Skills,Food Service Operations,2017,-9.47
ar,Argentina,Specialized Industry Skills,Editing,2017,-14.57
ar,Argentina,Tech Skills,Data Storage Technologies,2017,12.81
ar,Argentina,Specialized Industry Skills,Literature,2017,-22.04
ar,Argentina,Business Skills,Product Development,2017,22.41
ar,Argentina,Specialized Industry Skills,Machining,2017,41.73
ar,Argentina,Specialized Industry Skills,Biomedical Engineering,2017,-42.63
ar,Argentina,Specialized Industry Skills,Dance,2017,-11.95
ar,Argentina,Specialized Industry Skills,Documentation,2017,78.6
ar,Argentina,Business Skills,Customer Experience,2017,31.55
ar,Argentina,Specialized Industry Skills,Automotive,2017,6.06
ar,Argentina,Business Skills,Management Consulting,2017,28.0
ar,Argentina,Tech Skills,Computer Hardware,2017,9.72
ar,Argentina,Business Skills,Product Marketing,2017,14.54
ar,Argentina,Tech Skills,Enterprise Software,2017,9.74
ar,Argentina,Specialized Industry Skills,Electronics,2017,32.0
ar,Argentina,Specialized Industry Skills,Air Force,2017,45.39
ar,Argentina,Specialized Industry Skills,Social Services,2017,20.27
ar,Argentina,Soft Skills,Teamwork,2017,58.26
ar,Argentina,Specialized Industry Skills,Foreign Languages,2017,0.15
ar,Argentina,Business Skills,Competitive Strategies,2017,-39.33
ar,Argentina,Specialized Industry Skills,Public Policy,2017,-25.79
ar,Argentina,Specialized Industry Skills,Journalism,2017,22.67
ar,Argentina,Specialized Industry Skills,Navy,2017,-37.6
ar,Argentina,Specialized Industry Skills,Event Planning,2017,17.17
ar,Argentina,Business Skills,Inside Sales,2017,14.28
ar,Argentina,Specialized Industry Skills,Evolutionary Biology,2017,-37.08
ar,Argentina,Specialized Industry Skills,Cooking,2017,20.74
ar,Argentina,Tech Skills,Social Media,2017,12.35
ar,Argentina,Specialized Industry Skills,Recruiting,2017,0.0
ar,Argentina,Disruptive Tech Skills,Genetic Engineering,2017,-30.04
ar,Argentina,Business Skills,People Management,2017,86.27
ar,Argentina,Specialized Industry Skills,Family Medicine,2017,-6.88
ar,Argentina,Business Skills,Commercial Banking,2017,38.81
ar,Argentina,Specialized Industry Skills,K-12 Education,2017,28.01
ar,Argentina,Specialized Industry Skills,Retail,2017,12.99
ar,Argentina,Specialized Industry Skills,International Law,2017,-2.57
ar,Argentina,Business Skills,Capital Markets,2017,50.96
ar,Argentina,Specialized Industry Skills,Environmental Consulting,2017,47.52
ar,Argentina,Specialized Industry Skills,Wellness,2017,-4.56
ar,Argentina,Specialized Industry Skills,Art History,2017,-57.22
ar,Argentina,Specialized Industry Skills,Architecture,2017,64.15
ar,Argentina,Business Skills,Financial Accounting,2017,43.48
ar,Argentina,Specialized Industry Skills,Cybersecurity,2017,52.31
ar,Argentina,Specialized Industry Skills,Real Estate,2017,24.57
ar,Argentina,Soft Skills,Active Learning,2017,15.14
ar,Argentina,Specialized Industry Skills,Public Safety,2017,42.47
ar,Argentina,Specialized Industry Skills,Pharmaceutical Manufacturing,2017,6.51
ar,Argentina,Specialized Industry Skills,Environmental Science,2017,51.71
ar,Argentina,Tech Skills,System Administration,2017,14.07
ar,Argentina,Soft Skills,Leadership,2017,35.42
ar,Argentina,Specialized Industry Skills,Criminal Law,2017,-22.1
ar,Argentina,Business Skills,Auditing,2017,55.83
ar,Argentina,Specialized Industry Skills,Personal Coaching,2017,15.86
ar,Argentina,Specialized Industry Skills,Organic Chemistry,2017,11.23
ar,Argentina,Business Skills,Operational Efficiency,2017,133.7
ar,Argentina,Specialized Industry Skills,Law,2017,4.01
ar,Argentina,Business Skills,Administrative Assistance,2017,26.03
ar,Argentina,Specialized Industry Skills,Telecommunications,2017,80.47
ar,Argentina,Specialized Industry Skills,Physics,2017,-13.95
ar,Argentina,Soft Skills,Negotiation,2017,26.04
ar,Argentina,Specialized Industry Skills,Pharmaceutics,2017,5.73
ar,Argentina,Specialized Industry Skills,Food Manufacturing,2017,0.0
ar,Argentina,Specialized Industry Skills,Environmental Engineering,2017,237.6
ar,Argentina,Business Skills,Management Accounting,2017,46.55
ar,Argentina,Tech Skills,Technical Support,2017,49.27
ar,Argentina,Business Skills,Human Resources (HR),2017,28.64
ar,Argentina,Specialized Industry Skills,Psychology,2017,6.83
ar,Argentina,Specialized Industry Skills,Higher Education,2017,12.67
ar,Argentina,Business Skills,Accounts Payable,2017,32.84
ar,Argentina,Business Skills,Manufacturing Operations,2017,81.92
ar,Argentina,Tech Skills,Computer Networking,2017,66.37
ar,Argentina,Specialized Industry Skills,Inventory Management,2017,54.14
ar,Argentina,Business Skills,Tax Accounting,2017,30.91
ar,Argentina,Soft Skills,Communication,2017,52.49
ar,Argentina,Specialized Industry Skills,Radio Production,2017,15.54
ar,Argentina,Specialized Industry Skills,Nonprofit Management,2017,32.05
ar,Argentina,Specialized Industry Skills,Maritime Operations,2017,14.6
ar,Argentina,Business Skills,Payroll Services,2017,15.9
ar,Argentina,Specialized Industry Skills,Agricultural Production,2017,-3.91
ar,Argentina,Tech Skills,Digital Literacy,2017,38.82
ar,Argentina,Specialized Industry Skills,Teaching,2017,9.16
ar,Argentina,Specialized Industry Skills,Delivery Operations,2017,2.46
ar,Argentina,Business Skills,Project Management,2017,94.94
ar,Argentina,Business Skills,Business Management,2017,54.07
ar,Argentina,Business Skills,Procurement,2017,36.89
ar,Argentina,Disruptive Tech Skills,Robotics,2017,131.7
ar,Argentina,Business Skills,Employee Learning & Development,2017,31.18
ar,Argentina,Specialized Industry Skills,Labor and Employment Law,2017,0.0
ar,Argentina,Business Skills,Insurance,2017,10.79
ar,Argentina,Specialized Industry Skills,Public Health,2017,17.89
ar,Argentina,Specialized Industry Skills,Contract Law,2017,16.98
ar,Argentina,Specialized Industry Skills,Power Systems,2017,173.78
ar,Argentina,Specialized Industry Skills,Healthcare Management,2017,-2.25
ar,Argentina,Specialized Industry Skills,Educational Administration,2017,5.89
ar,Argentina,Business Skills,Entrepreneurship,2017,65.19
ar,Argentina,Specialized Industry Skills,Medicine,2017,-7.96
ar,Argentina,Specialized Industry Skills,Research,2017,50.91
ar,Argentina,Specialized Industry Skills,Chemical Processing,2017,142.46
ar,Argentina,Disruptive Tech Skills,Materials Science,2017,129.2
ar,Argentina,Specialized Industry Skills,Product Testing,2017,63.81
ar,Argentina,Specialized Industry Skills,Earth Science,2017,83.76
ar,Argentina,Business Skills,Bookkeeping,2017,48.41
ar,Argentina,Specialized Industry Skills,Intellectual Property,2017,-21.08
ar,Argentina,Specialized Industry Skills,Ground Transportation,2017,82.82
ar,Argentina,Specialized Industry Skills,Construction Engineering,2017,185.2
ar,Argentina,Specialized Industry Skills,Mining,2017,57.46
ar,Argentina,Specialized Industry Skills,Maintenance & Repair,2017,170.04
ar,Argentina,Specialized Industry Skills,Physical Security,2017,127.98
ar,Argentina,Specialized Industry Skills,Electronic Control Systems,2017,154.56
ar,Argentina,Specialized Industry Skills,Utilities,2017,154.89
ar,Argentina,Specialized Industry Skills,Instrumentation,2017,136.43
ar,Argentina,Specialized Industry Skills,Oil & Gas,2017,173.1
ar,Argentina,Specialized Industry Skills,Drilling Engineering,2017,321.82
ar,Argentina,Specialized Industry Skills,Sociology,2018,-71.28
ar,Argentina,Business Skills,Affiliate Marketing,2018,-83.54
ar,Argentina,Business Skills,Sales Leads,2018,-117.29
ar,Argentina,Specialized Industry Skills,Industrial Design,2018,-45.9
ar,Argentina,Business Skills,Revenue Analysis,2018,-92.47
ar,Argentina,Business Skills,Partner Development,2018,-58.91
ar,Argentina,Disruptive Tech Skills,Artificial Intelligence (AI),2018,-71.28
ar,Argentina,Specialized Industry Skills,Apparel,2018,-105.95
ar,Argentina,Soft Skills,Problem Solving,2018,64.49
ar,Argentina,Business Skills,Economics,2018,-48.85
ar,Argentina,Tech Skills,Game Development,2018,-29.64
ar,Argentina,Specialized Industry Skills,Travel Management,2018,-93.14
ar,Argentina,Disruptive Tech Skills,Human Computer Interaction,2018,-48.85
ar,Argentina,Tech Skills,Software Testing,2018,-30.18
ar,Argentina,Specialized Industry Skills,Urban Planning,2018,-14.91
ar,Argentina,Tech Skills,Animation,2018,-61.71
ar,Argentina,Tech Skills,Mobile Application Development,2018,-41.12
ar,Argentina,Specialized Industry Skills,Translation,2018,-39.28
ar,Argentina,Tech Skills,Software Development Life Cycle (SDLC),2018,-17.99
ar,Argentina,Specialized Industry Skills,Photography,2018,-49.24
ar,Argentina,Tech Skills,Scientific Computing,2018,37.69
ar,Argentina,Disruptive Tech Skills,Aerospace Engineering,2018,20.29
ar,Argentina,Specialized Industry Skills,Interior Design,2018,55.96
ar,Argentina,Specialized Industry Skills,Analytical Reasoning,2018,49.3
ar,Argentina,Specialized Industry Skills,Commercial Photography,2018,-8.47
ar,Argentina,Specialized Industry Skills,Linguistics,2018,-45.05
ar,Argentina,Specialized Industry Skills,Theatre,2018,-1.36
ar,Argentina,Specialized Industry Skills,Airlines,2018,-17.64
ar,Argentina,Business Skills,Digital Marketing,2018,-30.07
ar,Argentina,Specialized Industry Skills,Video,2018,-51.12
ar,Argentina,Business Skills,Advertising,2018,-27.39
ar,Argentina,Tech Skills,Information Management,2018,-26.69
ar,Argentina,Specialized Industry Skills,Hospitality Industry,2018,-71.0
ar,Argentina,Business Skills,Growth Strategies,2018,12.75
ar,Argentina,Specialized Industry Skills,Visual Arts,2018,-24.52
ar,Argentina,Specialized Industry Skills,Professional Sports,2018,11.55
ar,Argentina,Tech Skills,Computer Graphics,2018,21.49
ar,Argentina,Soft Skills,Writing,2018,-7.13
ar,Argentina,Specialized Industry Skills,Mathematics,2018,32.04
ar,Argentina,Specialized Industry Skills,Politics,2018,-40.27
ar,Argentina,Specialized Industry Skills,Music,2018,-25.69
ar,Argentina,Disruptive Tech Skills,Development Tools,2018,6.85
ar,Argentina,Specialized Industry Skills,Retail Packaging,2018,-60.45
ar,Argentina,Specialized Industry Skills,Cosmetology,2018,5.88
ar,Argentina,Business Skills,Corporate Communications,2018,-28.34
ar,Argentina,Specialized Industry Skills,Volunteer Management,2018,-87.27
ar,Argentina,Business Skills,Sales Operations,2018,12.82
ar,Argentina,Tech Skills,Web Development,2018,-5.02
ar,Argentina,Specialized Industry Skills,Television,2018,-43.23
ar,Argentina,Specialized Industry Skills,Physiology,2018,-4.75
ar,Argentina,Soft Skills,Social Perceptiveness,2018,49.15
ar,Argentina,Disruptive Tech Skills,Data Science,2018,24.42
ar,Argentina,Business Skills,Investment Banking,2018,-3.8
ar,Argentina,Business Skills,Compensation & Benefits,2018,-7.88
ar,Argentina,Soft Skills,Time Management,2018,94.58
ar,Argentina,Soft Skills,Flexible Approach,2018,183.41
ar,Argentina,Tech Skills,Graphic Design,2018,-19.24
ar,Argentina,Specialized Industry Skills,Food Service Operations,2018,-38.52
ar,Argentina,Specialized Industry Skills,Editing,2018,-21.12
ar,Argentina,Tech Skills,Data Storage Technologies,2018,14.41
ar,Argentina,Specialized Industry Skills,Literature,2018,-2.27
ar,Argentina,Business Skills,Product Development,2018,-1.51
ar,Argentina,Specialized Industry Skills,Machining,2018,93.17
ar,Argentina,Specialized Industry Skills,Biomedical Engineering,2018,-5.85
ar,Argentina,Specialized Industry Skills,Dance,2018,-52.09
ar,Argentina,Specialized Industry Skills,Documentation,2018,59.71
ar,Argentina,Business Skills,Customer Experience,2018,83.72
ar,Argentina,Specialized Industry Skills,Automotive,2018,42.3
ar,Argentina,Business Skills,Management Consulting,2018,17.65
ar,Argentina,Tech Skills,Computer Hardware,2018,68.76
ar,Argentina,Business Skills,Product Marketing,2018,-2.88
ar,Argentina,Tech Skills,Enterprise Software,2018,8.42
ar,Argentina,Specialized Industry Skills,Electronics,2018,94.06
ar,Argentina,Specialized Industry Skills,Air Force,2018,-4.41
ar,Argentina,Specialized Industry Skills,Social Services,2018,49.32
ar,Argentina,Soft Skills,Teamwork,2018,55.03
ar,Argentina,Specialized Industry Skills,Foreign Languages,2018,-12.1
ar,Argentina,Business Skills,Competitive Strategies,2018,131.86
ar,Argentina,Specialized Industry Skills,Public Policy,2018,-6.57
ar,Argentina,Specialized Industry Skills,Journalism,2018,17.03
ar,Argentina,Specialized Industry Skills,Navy,2018,84.81
ar,Argentina,Specialized Industry Skills,Event Planning,2018,15.09
ar,Argentina,Business Skills,Inside Sales,2018,13.51
ar,Argentina,Specialized Industry Skills,Evolutionary Biology,2018,-17.23
ar,Argentina,Specialized Industry Skills,Cooking,2018,29.49
ar,Argentina,Tech Skills,Social Media,2018,9.79
ar,Argentina,Specialized Industry Skills,Recruiting,2018,27.31
ar,Argentina,Disruptive Tech Skills,Genetic Engineering,2018,-51.07
ar,Argentina,Business Skills,People Management,2018,180.27
ar,Argentina,Specialized Industry Skills,Family Medicine,2018,-6.98
ar,Argentina,Business Skills,Commercial Banking,2018,17.92
ar,Argentina,Specialized Industry Skills,K-12 Education,2018,-7.44
ar,Argentina,Specialized Industry Skills,Retail,2018,7.0
ar,Argentina,Specialized Industry Skills,International Law,2018,-39.24
ar,Argentina,Business Skills,Capital Markets,2018,41.89
ar,Argentina,Specialized Industry Skills,Environmental Consulting,2018,61.28
ar,Argentina,Specialized Industry Skills,Wellness,2018,28.04
ar,Argentina,Specialized Industry Skills,Art History,2018,-81.37
ar,Argentina,Specialized Industry Skills,Architecture,2018,105.38
ar,Argentina,Business Skills,Financial Accounting,2018,39.0
ar,Argentina,Specialized Industry Skills,Cybersecurity,2018,50.86
ar,Argentina,Specialized Industry Skills,Real Estate,2018,21.23
ar,Argentina,Soft Skills,Active Learning,2018,32.16
ar,Argentina,Specialized Industry Skills,Public Safety,2018,103.81
ar,Argentina,Specialized Industry Skills,Pharmaceutical Manufacturing,2018,6.81
ar,Argentina,Specialized Industry Skills,Environmental Science,2018,62.3
ar,Argentina,Tech Skills,System Administration,2018,33.77
ar,Argentina,Soft Skills,Leadership,2018,55.7
ar,Argentina,Specialized Industry Skills,Criminal Law,2018,22.1
ar,Argentina,Business Skills,Auditing,2018,65.94
ar,Argentina,Specialized Industry Skills,Personal Coaching,2018,7.0
ar,Argentina,Specialized Industry Skills,Organic Chemistry,2018,60.11
ar,Argentina,Business Skills,Operational Efficiency,2018,48.21
ar,Argentina,Specialized Industry Skills,Law,2018,9.51
ar,Argentina,Business Skills,Administrative Assistance,2018,58.62
ar,Argentina,Specialized Industry Skills,Telecommunications,2018,86.08
ar,Argentina,Specialized Industry Skills,Physics,2018,25.35
ar,Argentina,Soft Skills,Negotiation,2018,29.77
ar,Argentina,Specialized Industry Skills,Pharmaceutics,2018,11.44
ar,Argentina,Specialized Industry Skills,Food Manufacturing,2018,-24.04
ar,Argentina,Specialized Industry Skills,Environmental Engineering,2018,160.97
ar,Argentina,Business Skills,Management Accounting,2018,45.59
ar,Argentina,Tech Skills,Technical Support,2018,79.68
ar,Argentina,Business Skills,Human Resources (HR),2018,41.79
ar,Argentina,Specialized Industry Skills,Psychology,2018,26.01
ar,Argentina,Specialized Industry Skills,Higher Education,2018,24.57
ar,Argentina,Business Skills,Accounts Payable,2018,54.65
ar,Argentina,Business Skills,Manufacturing Operations,2018,120.09
ar,Argentina,Tech Skills,Computer Networking,2018,102.28
ar,Argentina,Specialized Industry Skills,Inventory Management,2018,80.2
ar,Argentina,Business Skills,Tax Accounting,2018,41.05
ar,Argentina,Soft Skills,Communication,2018,82.76
ar,Argentina,Specialized Industry Skills,Radio Production,2018,11.19
ar,Argentina,Specialized Industry Skills,Nonprofit Management,2018,56.35
ar,Argentina,Specialized Industry Skills,Maritime Operations,2018,61.53
ar,Argentina,Business Skills,Payroll Services,2018,151.35
ar,Argentina,Specialized Industry Skills,Agricultural Production,2018,-27.29
ar,Argentina,Tech Skills,Digital Literacy,2018,57.56
ar,Argentina,Specialized Industry Skills,Teaching,2018,13.86
ar,Argentina,Specialized Industry Skills,Delivery Operations,2018,-67.62
ar,Argentina,Business Skills,Project Management,2018,135.19
ar,Argentina,Business Skills,Business Management,2018,70.1
ar,Argentina,Business Skills,Procurement,2018,63.91
ar,Argentina,Disruptive Tech Skills,Robotics,2018,140.73
ar,Argentina,Business Skills,Employee Learning & Development,2018,54.23
ar,Argentina,Specialized Industry Skills,Labor and Employment Law,2018,44.27
ar,Argentina,Business Skills,Insurance,2018,79.25
ar,Argentina,Specialized Industry Skills,Public Health,2018,-7.45
ar,Argentina,Specialized Industry Skills,Contract Law,2018,16.28
ar,Argentina,Specialized Industry Skills,Power Systems,2018,336.7
ar,Argentina,Specialized Industry Skills,Healthcare Management,2018,10.99
ar,Argentina,Specialized Industry Skills,Educational Administration,2018,10.71
ar,Argentina,Business Skills,Entrepreneurship,2018,78.27
ar,Argentina,Specialized Industry Skills,Medicine,2018,-2.28
ar,Argentina,Specialized Industry Skills,Research,2018,73.63
ar,Argentina,Specialized Industry Skills,Chemical Processing,2018,204.41
ar,Argentina,Disruptive Tech Skills,Materials Science,2018,269.31
ar,Argentina,Specialized Industry Skills,Product Testing,2018,96.92
ar,Argentina,Specialized Industry Skills,Earth Science,2018,175.14
ar,Argentina,Business Skills,Bookkeeping,2018,96.09
ar,Argentina,Specialized Industry Skills,Intellectual Property,2018,-17.53
ar,Argentina,Specialized Industry Skills,Ground Transportation,2018,69.69
ar,Argentina,Specialized Industry Skills,Construction Engineering,2018,326.47
ar,Argentina,Specialized Industry Skills,Mining,2018,31.16
ar,Argentina,Specialized Industry Skills,Maintenance & Repair,2018,348.44
ar,Argentina,Specialized Industry Skills,Physical Security,2018,190.5
ar,Argentina,Specialized Industry Skills,Electronic Control Systems,2018,222.89
ar,Argentina,Specialized Industry Skills,Utilities,2018,309.55
ar,Argentina,Specialized Industry Skills,Instrumentation,2018,337.52
ar,Argentina,Specialized Industry Skills,Oil & Gas,2018,417.52
ar,Argentina,Specialized Industry Skills,Drilling Engineering,2018,607.12
ar,Argentina,Specialized Industry Skills,Sociology,2019,-327.67
ar,Argentina,Business Skills,Affiliate Marketing,2019,-323.41
ar,Argentina,Business Skills,Sales Leads,2019,-248.57
ar,Argentina,Specialized Industry Skills,Industrial Design,2019,-245.16
ar,Argentina,Business Skills,Revenue Analysis,2019,-233.48
ar,Argentina,Business Skills,Partner Development,2019,-228.59
ar,Argentina,Disruptive Tech Skills,Artificial Intelligence (AI),2019,-227.95
ar,Argentina,Specialized Industry Skills,Apparel,2019,-226.48
ar,Argentina,Soft Skills,Problem Solving,2019,-225.46
ar,Argentina,Business Skills,Economics,2019,-215.55
ar,Argentina,Tech Skills,Game Development,2019,-200.39
ar,Argentina,Specialized Industry Skills,Travel Management,2019,-196.85
ar,Argentina,Disruptive Tech Skills,Human Computer Interaction,2019,-196.16
ar,Argentina,Tech Skills,Software Testing,2019,-194.71
ar,Argentina,Specialized Industry Skills,Urban Planning,2019,-193.95
ar,Argentina,Tech Skills,Animation,2019,-189.49
ar,Argentina,Tech Skills,Mobile Application Development,2019,-181.27
ar,Argentina,Specialized Industry Skills,Translation,2019,-180.62
ar,Argentina,Tech Skills,Software Development Life Cycle (SDLC),2019,-179.3
ar,Argentina,Specialized Industry Skills,Photography,2019,-178.75
ar,Argentina,Tech Skills,Scientific Computing,2019,-178.73
ar,Argentina,Disruptive Tech Skills,Aerospace Engineering,2019,-175.88
ar,Argentina,Specialized Industry Skills,Interior Design,2019,-173.88
ar,Argentina,Specialized Industry Skills,Analytical Reasoning,2019,-172.52
ar,Argentina,Specialized Industry Skills,Commercial Photography,2019,-168.92
ar,Argentina,Specialized Industry Skills,Linguistics,2019,-158.25
ar,Argentina,Specialized Industry Skills,Theatre,2019,-158.0
ar,Argentina,Specialized Industry Skills,Airlines,2019,-155.63
ar,Argentina,Business Skills,Digital Marketing,2019,-150.72
ar,Argentina,Specialized Industry Skills,Video,2019,-149.98
ar,Argentina,Business Skills,Advertising,2019,-148.33
ar,Argentina,Tech Skills,Information Management,2019,-147.39
ar,Argentina,Specialized Industry Skills,Hospitality Industry,2019,-144.56
ar,Argentina,Business Skills,Growth Strategies,2019,-142.82
ar,Argentina,Specialized Industry Skills,Visual Arts,2019,-141.01
ar,Argentina,Specialized Industry Skills,Professional Sports,2019,-138.37
ar,Argentina,Tech Skills,Computer Graphics,2019,-136.04
ar,Argentina,Soft Skills,Writing,2019,-134.45
ar,Argentina,Specialized Industry Skills,Mathematics,2019,-134.31
ar,Argentina,Specialized Industry Skills,Politics,2019,-133.65
ar,Argentina,Specialized Industry Skills,Music,2019,-131.93
ar,Argentina,Disruptive Tech Skills,Development Tools,2019,-131.65
ar,Argentina,Specialized Industry Skills,Retail Packaging,2019,-130.57
ar,Argentina,Specialized Industry Skills,Cosmetology,2019,-129.71
ar,Argentina,Business Skills,Corporate Communications,2019,-127.7
ar,Argentina,Specialized Industry Skills,Volunteer Management,2019,-127.27
ar,Argentina,Business Skills,Sales Operations,2019,-125.16
ar,Argentina,Tech Skills,Web Development,2019,-125.03
ar,Argentina,Specialized Industry Skills,Television,2019,-124.41
ar,Argentina,Specialized Industry Skills,Physiology,2019,-124.04
ar,Argentina,Soft Skills,Social Perceptiveness,2019,-123.83
ar,Argentina,Disruptive Tech Skills,Data Science,2019,-121.96
ar,Argentina,Business Skills,Investment Banking,2019,-121.76
ar,Argentina,Business Skills,Compensation & Benefits,2019,-121.36
ar,Argentina,Soft Skills,Time Management,2019,-120.57
ar,Argentina,Soft Skills,Flexible Approach,2019,-120.47
ar,Argentina,Tech Skills,Graphic Design,2019,-119.89
ar,Argentina,Specialized Industry Skills,Food Service Operations,2019,-119.21
ar,Argentina,Specialized Industry Skills,Editing,2019,-117.68
ar,Argentina,Tech Skills,Data Storage Technologies,2019,-115.24
ar,Argentina,Specialized Industry Skills,Literature,2019,-114.91
ar,Argentina,Business Skills,Product Development,2019,-114.76
ar,Argentina,Specialized Industry Skills,Machining,2019,-112.49
ar,Argentina,Specialized Industry Skills,Biomedical Engineering,2019,-110.48
ar,Argentina,Specialized Industry Skills,Dance,2019,-108.75
ar,Argentina,Specialized Industry Skills,Documentation,2019,-108.31
ar,Argentina,Business Skills,Customer Experience,2019,-107.85
ar,Argentina,Specialized Industry Skills,Automotive,2019,-107.14
ar,Argentina,Business Skills,Management Consulting,2019,-106.75
ar,Argentina,Tech Skills,Computer Hardware,2019,-106.57
ar,Argentina,Business Skills,Product Marketing,2019,-106.56
ar,Argentina,Tech Skills,Enterprise Software,2019,-105.18
ar,Argentina,Specialized Industry Skills,Electronics,2019,-103.85
ar,Argentina,Specialized Industry Skills,Air Force,2019,-103.51
ar,Argentina,Specialized Industry Skills,Social Services,2019,-101.79
ar,Argentina,Soft Skills,Teamwork,2019,-101.49
ar,Argentina,Specialized Industry Skills,Foreign Languages,2019,-100.71
ar,Argentina,Business Skills,Competitive Strategies,2019,-98.47
ar,Argentina,Specialized Industry Skills,Public Policy,2019,-97.86
ar,Argentina,Specialized Industry Skills,Journalism,2019,-96.51
ar,Argentina,Specialized Industry Skills,Navy,2019,-96.07
ar,Argentina,Specialized Industry Skills,Event Planning,2019,-96.0
ar,Argentina,Business Skills,Inside Sales,2019,-95.97
ar,Argentina,Specialized Industry Skills,Evolutionary Biology,2019,-92.89
ar,Argentina,Specialized Industry Skills,Cooking,2019,-92.73
ar,Argentina,Tech Skills,Social Media,2019,-91.25
ar,Argentina,Specialized Industry Skills,Recruiting,2019,-90.17
ar,Argentina,Disruptive Tech Skills,Genetic Engineering,2019,-89.98
ar,Argentina,Business Skills,People Management,2019,-89.65
ar,Argentina,Specialized Industry Skills,Family Medicine,2019,-88.33
ar,Argentina,Business Skills,Commercial Banking,2019,-88.28
ar,Argentina,Specialized Industry Skills,K-12 Education,2019,-88.04
ar,Argentina,Specialized Industry Skills,Retail,2019,-87.09
ar,Argentina,Specialized Industry Skills,International Law,2019,-85.28
ar,Argentina,Business Skills,Capital Markets,2019,-84.79
ar,Argentina,Specialized Industry Skills,Environmental Consulting,2019,-82.4
ar,Argentina,Specialized Industry Skills,Wellness,2019,-82.13
ar,Argentina,Specialized Industry Skills,Art History,2019,-81.52
ar,Argentina,Specialized Industry Skills,Architecture,2019,-80.87
ar,Argentina,Business Skills,Financial Accounting,2019,-79.05
ar,Argentina,Specialized Industry Skills,Cybersecurity,2019,-78.51
ar,Argentina,Specialized Industry Skills,Real Estate,2019,-77.24
ar,Argentina,Soft Skills,Active Learning,2019,-76.37
ar,Argentina,Specialized Industry Skills,Public Safety,2019,-76.08
ar,Argentina,Specialized Industry Skills,Pharmaceutical Manufacturing,2019,-75.14
ar,Argentina,Specialized Industry Skills,Environmental Science,2019,-74.25
ar,Argentina,Tech Skills,System Administration,2019,-73.36
ar,Argentina,Soft Skills,Leadership,2019,-73.19
ar,Argentina,Specialized Industry Skills,Criminal Law,2019,-72.23
ar,Argentina,Business Skills,Auditing,2019,-71.92
ar,Argentina,Specialized Industry Skills,Personal Coaching,2019,-71.73
ar,Argentina,Specialized Industry Skills,Organic Chemistry,2019,-71.01
ar,Argentina,Business Skills,Operational Efficiency,2019,-70.22
ar,Argentina,Specialized Industry Skills,Law,2019,-68.94
ar,Argentina,Business Skills,Administrative Assistance,2019,-67.59
ar,Argentina,Specialized Industry Skills,Telecommunications,2019,-67.2
ar,Argentina,Specialized Industry Skills,Physics,2019,-66.52
ar,Argentina,Soft Skills,Negotiation,2019,-66.17
ar,Argentina,Specialized Industry Skills,Pharmaceutics,2019,-65.17
ar,Argentina,Specialized Industry Skills,Food Manufacturing,2019,-64.98
ar,Argentina,Specialized Industry Skills,Environmental Engineering,2019,-64.93
ar,Argentina,Business Skills,Management Accounting,2019,-64.42
ar,Argentina,Tech Skills,Technical Support,2019,-64.25
ar,Argentina,Business Skills,Human Resources (HR),2019,-63.1
ar,Argentina,Specialized Industry Skills,Psychology,2019,-62.24
ar,Argentina,Specialized Industry Skills,Higher Education,2019,-60.59
ar,Argentina,Business Skills,Accounts Payable,2019,-60.18
ar,Argentina,Business Skills,Manufacturing Operations,2019,-59.13
ar,Argentina,Tech Skills,Computer Networking,2019,-58.64
ar,Argentina,Specialized Industry Skills,Inventory Management,2019,-58.54
ar,Argentina,Business Skills,Tax Accounting,2019,-57.82
ar,Argentina,Soft Skills,Communication,2019,-57.82
ar,Argentina,Specialized Industry Skills,Radio Production,2019,-57.66
ar,Argentina,Specialized Industry Skills,Nonprofit Management,2019,-56.97
ar,Argentina,Specialized Industry Skills,Maritime Operations,2019,-55.68
ar,Argentina,Business Skills,Payroll Services,2019,-54.64
ar,Argentina,Specialized Industry Skills,Agricultural Production,2019,-53.42
ar,Argentina,Tech Skills,Digital Literacy,2019,-53.18
ar,Argentina,Specialized Industry Skills,Teaching,2019,-52.78
ar,Argentina,Specialized Industry Skills,Delivery Operations,2019,-50.99
ar,Argentina,Business Skills,Project Management,2019,-50.02
ar,Argentina,Business Skills,Business Management,2019,-49.83
ar,Argentina,Business Skills,Procurement,2019,-48.62
ar,Argentina,Disruptive Tech Skills,Robotics,2019,-47.7
ar,Argentina,Business Skills,Employee Learning & Development,2019,-46.73
ar,Argentina,Specialized Industry Skills,Labor and Employment Law,2019,-46.68
ar,Argentina,Business Skills,Insurance,2019,-46.35
ar,Argentina,Specialized Industry Skills,Public Health,2019,-44.89
ar,Argentina,Specialized Industry Skills,Contract Law,2019,-44.67
ar,Argentina,Specialized Industry Skills,Power Systems,2019,-44.31
ar,Argentina,Specialized Industry Skills,Healthcare Management,2019,-43.37
ar,Argentina,Specialized Industry Skills,Educational Administration,2019,-42.92
ar,Argentina,Business Skills,Entrepreneurship,2019,-42.28
ar,Argentina,Specialized Industry Skills,Medicine,2019,-39.49
ar,Argentina,Specialized Industry Skills,Research,2019,-37.0
ar,Argentina,Specialized Industry Skills,Chemical Processing,2019,-35.17
ar,Argentina,Disruptive Tech Skills,Materials Science,2019,-34.29
ar,Argentina,Specialized Industry Skills,Product Testing,2019,-33.31
ar,Argentina,Specialized Industry Skills,Earth Science,2019,-32.62
ar,Argentina,Business Skills,Bookkeeping,2019,-31.65
ar,Argentina,Specialized Industry Skills,Intellectual Property,2019,-29.47
ar,Argentina,Specialized Industry Skills,Ground Transportation,2019,-21.29
ar,Argentina,Specialized Industry Skills,Construction Engineering,2019,-1.75
ar,Argentina,Specialized Industry Skills,Mining,2019,1.9
ar,Argentina,Specialized Industry Skills,Maintenance & Repair,2019,15.69
ar,Argentina,Specialized Industry Skills,Physical Security,2019,21.91
ar,Argentina,Specialized Industry Skills,Electronic Control Systems,2019,23.41
ar,Argentina,Specialized Industry Skills,Utilities,2019,24.51
ar,Argentina,Specialized Industry Skills,Instrumentation,2019,28.18
ar,Argentina,Specialized Industry Skills,Oil & Gas,2019,87.37
ar,Argentina,Specialized Industry Skills,Drilling Engineering,2019,108.72
